date,channel,spend
2024-01-01,Paid Search,5.66
2024-01-01,Organic,0.0
2024-01-01,Email,0.21
2024-01-01,Social,3.45
2024-01-01,Affiliate,1.24
2024-01-01,Direct,0.0
2024-01-02,Paid Search,8.67
2024-01-02,Organic,0.0
2024-01-02,Email,0.47
2024-01-02,Social,4.18
2024-01-02,Affiliate,0.77
2024-01-02,Direct,0.0
2024-01-03,Paid Search,6.77
2024-01-03,Organic,0.0
2024-01-03,Email,0.34
2024-01-03,Social,2.96
2024-01-03,Affiliate,1.0
2024-01-03,Direct,0.0
2024-01-04,Paid Search,8.75
2024-01-04,Organic,0.0
2024-01-04,Email,0.3
2024-01-04,Social,4.9
2024-01-04,Affiliate,0.58
2024-01-04,Direct,0.0
2024-01-05,Paid Search,9.14
2024-01-05,Organic,0.0
2024-01-05,Email,0.56
2024-01-05,Social,3.6
2024-01-05,Affiliate,1.6
2024-01-05,Direct,0.0
2024-01-06,Paid Search,9.03
2024-01-06,Organic,0.0
2024-01-06,Email,0.5
2024-01-06,Social,4.71
2024-01-06,Affiliate,1.47
2024-01-06,Direct,0.0
2024-01-07,Paid Search,9.16
2024-01-07,Organic,0.0
2024-01-07,Email,0.34
2024-01-07,Social,6.32
2024-01-07,Affiliate,1.58
2024-01-07,Direct,0.0
2024-01-08,Paid Search,8.17
2024-01-08,Organic,0.0
2024-01-08,Email,0.39
2024-01-08,Social,3.18
2024-01-08,Affiliate,1.0
2024-01-08,Direct,0.0
2024-01-09,Paid Search,10.36
2024-01-09,Organic,0.0
2024-01-09,Email,0.46
2024-01-09,Social,5.07
2024-01-09,Affiliate,1.54
2024-01-09,Direct,0.0
2024-01-10,Paid Search,6.32
2024-01-10,Organic,0.0
2024-01-10,Email,0.3
2024-01-10,Social,4.2
2024-01-10,Affiliate,1.45
2024-01-10,Direct,0.0
2024-01-11,Paid Search,10.47
2024-01-11,Organic,0.0
2024-01-11,Email,0.28
2024-01-11,Social,2.73
2024-01-11,Affiliate,2.37
2024-01-11,Direct,0.0
2024-01-12,Paid Search,7.64
2024-01-12,Organic,0.0
2024-01-12,Email,0.75
2024-01-12,Social,3.34
2024-01-12,Affiliate,0.46
2024-01-12,Direct,0.0
2024-01-13,Paid Search,9.38
2024-01-13,Organic,0.0
2024-01-13,Email,0.52
2024-01-13,Social,4.59
2024-01-13,Affiliate,2.4
2024-01-13,Direct,0.0
2024-01-14,Paid Search,7.05
2024-01-14,Organic,0.0
2024-01-14,Email,0.44
2024-01-14,Social,5.07
2024-01-14,Affiliate,0.9
2024-01-14,Direct,0.0
2024-01-15,Paid Search,5.85
2024-01-15,Organic,0.0
2024-01-15,Email,0.52
2024-01-15,Social,4.72
2024-01-15,Affiliate,1.06
2024-01-15,Direct,0.0
2024-01-16,Paid Search,6.93
2024-01-16,Organic,0.0
2024-01-16,Email,0.86
2024-01-16,Social,3.84
2024-01-16,Affiliate,1.56
2024-01-16,Direct,0.0
2024-01-17,Paid Search,6.89
2024-01-17,Organic,0.0
2024-01-17,Email,0.57
2024-01-17,Social,5.48
2024-01-17,Affiliate,0.8
2024-01-17,Direct,0.0
2024-01-18,Paid Search,7.23
2024-01-18,Organic,0.0
2024-01-18,Email,0.34
2024-01-18,Social,5.06
2024-01-18,Affiliate,0.51
2024-01-18,Direct,0.0
2024-01-19,Paid Search,8.49
2024-01-19,Organic,0.0
2024-01-19,Email,0.29
2024-01-19,Social,3.44
2024-01-19,Affiliate,1.09
2024-01-19,Direct,0.0
2024-01-20,Paid Search,8.56
2024-01-20,Organic,0.0
2024-01-20,Email,0.67
2024-01-20,Social,4.32
2024-01-20,Affiliate,0.55
2024-01-20,Direct,0.0
2024-01-21,Paid Search,9.64
2024-01-21,Organic,0.0
2024-01-21,Email,0.28
2024-01-21,Social,6.12
2024-01-21,Affiliate,1.54
2024-01-21,Direct,0.0
2024-01-22,Paid Search,7.26
2024-01-22,Organic,0.0
2024-01-22,Email,0.46
2024-01-22,Social,2.22
2024-01-22,Affiliate,1.52
2024-01-22,Direct,0.0
2024-01-23,Paid Search,8.38
2024-01-23,Organic,0.0
2024-01-23,Email,0.44
2024-01-23,Social,4.49
2024-01-23,Affiliate,1.68
2024-01-23,Direct,0.0
2024-01-24,Paid Search,7.69
2024-01-24,Organic,0.0
2024-01-24,Email,0.36
2024-01-24,Social,4.21
2024-01-24,Affiliate,0.93
2024-01-24,Direct,0.0
2024-01-25,Paid Search,9.02
2024-01-25,Organic,0.0
2024-01-25,Email,0.65
2024-01-25,Social,4.28
2024-01-25,Affiliate,0.74
2024-01-25,Direct,0.0
2024-01-26,Paid Search,7.79
2024-01-26,Organic,0.0
2024-01-26,Email,0.54
2024-01-26,Social,2.15
2024-01-26,Affiliate,0.49
2024-01-26,Direct,0.0
2024-01-27,Paid Search,9.8
2024-01-27,Organic,0.0
2024-01-27,Email,0.6
2024-01-27,Social,4.19
2024-01-27,Affiliate,1.35
2024-01-27,Direct,0.0
2024-01-28,Paid Search,6.48
2024-01-28,Organic,0.0
2024-01-28,Email,0.5
2024-01-28,Social,6.16
2024-01-28,Affiliate,0.66
2024-01-28,Direct,0.0
2024-01-29,Paid Search,6.55
2024-01-29,Organic,0.0
2024-01-29,Email,0.45
2024-01-29,Social,3.59
2024-01-29,Affiliate,0.9
2024-01-29,Direct,0.0
2024-01-30,Paid Search,9.5
2024-01-30,Organic,0.0
2024-01-30,Email,0.49
2024-01-30,Social,4.39
2024-01-30,Affiliate,2.19
2024-01-30,Direct,0.0
2024-01-31,Paid Search,6.67
2024-01-31,Organic,0.0
2024-01-31,Email,0.35
2024-01-31,Social,5.0
2024-01-31,Affiliate,0.99
2024-01-31,Direct,0.0
2024-02-01,Paid Search,7.87
2024-02-01,Organic,0.0
2024-02-01,Email,0.68
2024-02-01,Social,4.22
2024-02-01,Affiliate,1.77
2024-02-01,Direct,0.0
2024-02-02,Paid Search,6.56
2024-02-02,Organic,0.0
2024-02-02,Email,0.41
2024-02-02,Social,6.31
2024-02-02,Affiliate,1.1
2024-02-02,Direct,0.0
2024-02-03,Paid Search,7.07
2024-02-03,Organic,0.0
2024-02-03,Email,0.38
2024-02-03,Social,4.26
2024-02-03,Affiliate,1.05
2024-02-03,Direct,0.0
2024-02-04,Paid Search,10.44
2024-02-04,Organic,0.0
2024-02-04,Email,0.39
2024-02-04,Social,4.05
2024-02-04,Affiliate,1.35
2024-02-04,Direct,0.0
2024-02-05,Paid Search,8.16
2024-02-05,Organic,0.0
2024-02-05,Email,0.44
2024-02-05,Social,3.39
2024-02-05,Affiliate,2.11
2024-02-05,Direct,0.0
2024-02-06,Paid Search,5.9
2024-02-06,Organic,0.0
2024-02-06,Email,0.41
2024-02-06,Social,4.38
2024-02-06,Affiliate,1.08
2024-02-06,Direct,0.0
2024-02-07,Paid Search,6.43
2024-02-07,Organic,0.0
2024-02-07,Email,0.36
2024-02-07,Social,3.25
2024-02-07,Affiliate,1.33
2024-02-07,Direct,0.0
2024-02-08,Paid Search,8.25
2024-02-08,Organic,0.0
2024-02-08,Email,0.39
2024-02-08,Social,3.8
2024-02-08,Affiliate,0.98
2024-02-08,Direct,0.0
2024-02-09,Paid Search,10.86
2024-02-09,Organic,0.0
2024-02-09,Email,0.48
2024-02-09,Social,3.55
2024-02-09,Affiliate,1.32
2024-02-09,Direct,0.0
2024-02-10,Paid Search,8.85
2024-02-10,Organic,0.0
2024-02-10,Email,0.24
2024-02-10,Social,4.66
2024-02-10,Affiliate,0.84
2024-02-10,Direct,0.0
2024-02-11,Paid Search,10.99
2024-02-11,Organic,0.0
2024-02-11,Email,0.48
2024-02-11,Social,6.48
2024-02-11,Affiliate,1.43
2024-02-11,Direct,0.0
2024-02-12,Paid Search,8.33
2024-02-12,Organic,0.0
2024-02-12,Email,0.21
2024-02-12,Social,5.16
2024-02-12,Affiliate,1.41
2024-02-12,Direct,0.0
2024-02-13,Paid Search,7.8
2024-02-13,Organic,0.0
2024-02-13,Email,0.42
2024-02-13,Social,3.71
2024-02-13,Affiliate,1.0
2024-02-13,Direct,0.0
2024-02-14,Paid Search,7.81
2024-02-14,Organic,0.0
2024-02-14,Email,0.44
2024-02-14,Social,4.52
2024-02-14,Affiliate,0.27
2024-02-14,Direct,0.0
2024-02-15,Paid Search,7.78
2024-02-15,Organic,0.0
2024-02-15,Email,0.2
2024-02-15,Social,5.02
2024-02-15,Affiliate,0.91
2024-02-15,Direct,0.0
2024-02-16,Paid Search,7.26
2024-02-16,Organic,0.0
2024-02-16,Email,0.75
2024-02-16,Social,4.51
2024-02-16,Affiliate,1.34
2024-02-16,Direct,0.0
2024-02-17,Paid Search,8.01
2024-02-17,Organic,0.0
2024-02-17,Email,0.4
2024-02-17,Social,4.29
2024-02-17,Affiliate,1.14
2024-02-17,Direct,0.0
2024-02-18,Paid Search,12.1
2024-02-18,Organic,0.0
2024-02-18,Email,0.46
2024-02-18,Social,7.0
2024-02-18,Affiliate,1.79
2024-02-18,Direct,0.0
2024-02-19,Paid Search,6.05
2024-02-19,Organic,0.0
2024-02-19,Email,0.38
2024-02-19,Social,3.76
2024-02-19,Affiliate,1.29
2024-02-19,Direct,0.0
2024-02-20,Paid Search,9.83
2024-02-20,Organic,0.0
2024-02-20,Email,0.32
2024-02-20,Social,3.7
2024-02-20,Affiliate,0.41
2024-02-20,Direct,0.0
2024-02-21,Paid Search,7.44
2024-02-21,Organic,0.0
2024-02-21,Email,0.5
2024-02-21,Social,4.78
2024-02-21,Affiliate,0.68
2024-02-21,Direct,0.0
2024-02-22,Paid Search,7.72
2024-02-22,Organic,0.0
2024-02-22,Email,0.39
2024-02-22,Social,4.19
2024-02-22,Affiliate,1.35
2024-02-22,Direct,0.0
2024-02-23,Paid Search,10.05
2024-02-23,Organic,0.0
2024-02-23,Email,0.59
2024-02-23,Social,4.42
2024-02-23,Affiliate,1.41
2024-02-23,Direct,0.0
2024-02-24,Paid Search,6.5
2024-02-24,Organic,0.0
2024-02-24,Email,0.28
2024-02-24,Social,5.24
2024-02-24,Affiliate,0.97
2024-02-24,Direct,0.0
2024-02-25,Paid Search,11.71
2024-02-25,Organic,0.0
2024-02-25,Email,0.61
2024-02-25,Social,6.51
2024-02-25,Affiliate,0.9
2024-02-25,Direct,0.0
2024-02-26,Paid Search,7.48
2024-02-26,Organic,0.0
2024-02-26,Email,0.39
2024-02-26,Social,4.65
2024-02-26,Affiliate,0.82
2024-02-26,Direct,0.0
2024-02-27,Paid Search,7.54
2024-02-27,Organic,0.0
2024-02-27,Email,0.44
2024-02-27,Social,3.75
2024-02-27,Affiliate,1.18
2024-02-27,Direct,0.0
2024-02-28,Paid Search,9.57
2024-02-28,Organic,0.0
2024-02-28,Email,0.5
2024-02-28,Social,3.68
2024-02-28,Affiliate,1.13
2024-02-28,Direct,0.0
2024-02-29,Paid Search,6.44
2024-02-29,Organic,0.0
2024-02-29,Email,0.49
2024-02-29,Social,5.7
2024-02-29,Affiliate,0.93
2024-02-29,Direct,0.0
2024-03-01,Paid Search,8.29
2024-03-01,Organic,0.0
2024-03-01,Email,0.8
2024-03-01,Social,3.4
2024-03-01,Affiliate,1.86
2024-03-01,Direct,0.0
2024-03-02,Paid Search,9.6
2024-03-02,Organic,0.0
2024-03-02,Email,0.4
2024-03-02,Social,3.87
2024-03-02,Affiliate,1.37
2024-03-02,Direct,0.0
2024-03-03,Paid Search,7.78
2024-03-03,Organic,0.0
2024-03-03,Email,0.27
2024-03-03,Social,4.62
2024-03-03,Affiliate,1.54
2024-03-03,Direct,0.0
2024-03-04,Paid Search,8.84
2024-03-04,Organic,0.0
2024-03-04,Email,0.2
2024-03-04,Social,3.96
2024-03-04,Affiliate,1.9
2024-03-04,Direct,0.0
2024-03-05,Paid Search,10.01
2024-03-05,Organic,0.0
2024-03-05,Email,0.7
2024-03-05,Social,3.76
2024-03-05,Affiliate,0.84
2024-03-05,Direct,0.0
2024-03-06,Paid Search,7.34
2024-03-06,Organic,0.0
2024-03-06,Email,0.38
2024-03-06,Social,5.95
2024-03-06,Affiliate,1.16
2024-03-06,Direct,0.0
2024-03-07,Paid Search,8.11
2024-03-07,Organic,0.0
2024-03-07,Email,0.38
2024-03-07,Social,4.43
2024-03-07,Affiliate,0.88
2024-03-07,Direct,0.0
2024-03-08,Paid Search,7.28
2024-03-08,Organic,0.0
2024-03-08,Email,0.64
2024-03-08,Social,4.8
2024-03-08,Affiliate,1.79
2024-03-08,Direct,0.0
2024-03-09,Paid Search,11.75
2024-03-09,Organic,0.0
2024-03-09,Email,0.4
2024-03-09,Social,5.17
2024-03-09,Affiliate,1.16
2024-03-09,Direct,0.0
2024-03-10,Paid Search,9.13
2024-03-10,Organic,0.0
2024-03-10,Email,0.29
2024-03-10,Social,6.69
2024-03-10,Affiliate,1.03
2024-03-10,Direct,0.0
2024-03-11,Paid Search,7.73
2024-03-11,Organic,0.0
2024-03-11,Email,0.53
2024-03-11,Social,4.2
2024-03-11,Affiliate,0.93
2024-03-11,Direct,0.0
2024-03-12,Paid Search,6.62
2024-03-12,Organic,0.0
2024-03-12,Email,0.53
2024-03-12,Social,3.62
2024-03-12,Affiliate,0.98
2024-03-12,Direct,0.0
2024-03-13,Paid Search,11.2
2024-03-13,Organic,0.0
2024-03-13,Email,0.29
2024-03-13,Social,3.72
2024-03-13,Affiliate,0.76
2024-03-13,Direct,0.0
2024-03-14,Paid Search,11.0
2024-03-14,Organic,0.0
2024-03-14,Email,0.28
2024-03-14,Social,5.37
2024-03-14,Affiliate,1.37
2024-03-14,Direct,0.0
2024-03-15,Paid Search,8.9
2024-03-15,Organic,0.0
2024-03-15,Email,0.46
2024-03-15,Social,5.44
2024-03-15,Affiliate,0.74
2024-03-15,Direct,0.0
2024-03-16,Paid Search,8.75
2024-03-16,Organic,0.0
2024-03-16,Email,0.57
2024-03-16,Social,5.5
2024-03-16,Affiliate,1.41
2024-03-16,Direct,0.0
2024-03-17,Paid Search,9.64
2024-03-17,Organic,0.0
2024-03-17,Email,0.32
2024-03-17,Social,5.29
2024-03-17,Affiliate,1.93
2024-03-17,Direct,0.0
2024-03-18,Paid Search,10.61
2024-03-18,Organic,0.0
2024-03-18,Email,0.35
2024-03-18,Social,4.63
2024-03-18,Affiliate,0.76
2024-03-18,Direct,0.0
2024-03-19,Paid Search,8.06
2024-03-19,Organic,0.0
2024-03-19,Email,0.57
2024-03-19,Social,3.55
2024-03-19,Affiliate,1.25
2024-03-19,Direct,0.0
2024-03-20,Paid Search,8.76
2024-03-20,Organic,0.0
2024-03-20,Email,0.29
2024-03-20,Social,5.61
2024-03-20,Affiliate,1.61
2024-03-20,Direct,0.0
2024-03-21,Paid Search,8.31
2024-03-21,Organic,0.0
2024-03-21,Email,0.37
2024-03-21,Social,3.1
2024-03-21,Affiliate,1.39
2024-03-21,Direct,0.0
2024-03-22,Paid Search,9.85
2024-03-22,Organic,0.0
2024-03-22,Email,0.38
2024-03-22,Social,4.54
2024-03-22,Affiliate,2.19
2024-03-22,Direct,0.0
2024-03-23,Paid Search,7.81
2024-03-23,Organic,0.0
2024-03-23,Email,0.45
2024-03-23,Social,4.81
2024-03-23,Affiliate,0.94
2024-03-23,Direct,0.0
2024-03-24,Paid Search,8.88
2024-03-24,Organic,0.0
2024-03-24,Email,0.38
2024-03-24,Social,5.03
2024-03-24,Affiliate,0.97
2024-03-24,Direct,0.0
2024-03-25,Paid Search,9.07
2024-03-25,Organic,0.0
2024-03-25,Email,0.44
2024-03-25,Social,3.62
2024-03-25,Affiliate,0.89
2024-03-25,Direct,0.0
2024-03-26,Paid Search,10.97
2024-03-26,Organic,0.0
2024-03-26,Email,0.54
2024-03-26,Social,5.34
2024-03-26,Affiliate,0.77
2024-03-26,Direct,0.0
2024-03-27,Paid Search,7.46
2024-03-27,Organic,0.0
2024-03-27,Email,0.33
2024-03-27,Social,4.88
2024-03-27,Affiliate,2.22
2024-03-27,Direct,0.0
2024-03-28,Paid Search,7.43
2024-03-28,Organic,0.0
2024-03-28,Email,0.38
2024-03-28,Social,3.97
2024-03-28,Affiliate,1.03
2024-03-28,Direct,0.0
2024-03-29,Paid Search,11.02
2024-03-29,Organic,0.0
2024-03-29,Email,0.47
2024-03-29,Social,5.16
2024-03-29,Affiliate,1.28
2024-03-29,Direct,0.0
2024-03-30,Paid Search,10.3
2024-03-30,Organic,0.0
2024-03-30,Email,0.49
2024-03-30,Social,6.5
2024-03-30,Affiliate,1.41
2024-03-30,Direct,0.0
2024-03-31,Paid Search,9.41
2024-03-31,Organic,0.0
2024-03-31,Email,0.78
2024-03-31,Social,4.78
2024-03-31,Affiliate,1.2
2024-03-31,Direct,0.0
2024-04-01,Paid Search,10.82
2024-04-01,Organic,0.0
2024-04-01,Email,0.29
2024-04-01,Social,3.57
2024-04-01,Affiliate,1.41
2024-04-01,Direct,0.0
2024-04-02,Paid Search,9.39
2024-04-02,Organic,0.0
2024-04-02,Email,0.59
2024-04-02,Social,6.78
2024-04-02,Affiliate,1.55
2024-04-02,Direct,0.0
2024-04-03,Paid Search,10.54
2024-04-03,Organic,0.0
2024-04-03,Email,0.52
2024-04-03,Social,3.94
2024-04-03,Affiliate,2.53
2024-04-03,Direct,0.0
2024-04-04,Paid Search,7.4
2024-04-04,Organic,0.0
2024-04-04,Email,0.35
2024-04-04,Social,4.65
2024-04-04,Affiliate,0.98
2024-04-04,Direct,0.0
2024-04-05,Paid Search,7.87
2024-04-05,Organic,0.0
2024-04-05,Email,0.61
2024-04-05,Social,3.93
2024-04-05,Affiliate,2.3
2024-04-05,Direct,0.0
2024-04-06,Paid Search,8.28
2024-04-06,Organic,0.0
2024-04-06,Email,0.48
2024-04-06,Social,6.33
2024-04-06,Affiliate,1.06
2024-04-06,Direct,0.0
2024-04-07,Paid Search,9.85
2024-04-07,Organic,0.0
2024-04-07,Email,0.29
2024-04-07,Social,5.55
2024-04-07,Affiliate,1.37
2024-04-07,Direct,0.0
2024-04-08,Paid Search,7.1
2024-04-08,Organic,0.0
2024-04-08,Email,0.47
2024-04-08,Social,4.34
2024-04-08,Affiliate,1.25
2024-04-08,Direct,0.0
2024-04-09,Paid Search,9.97
2024-04-09,Organic,0.0
2024-04-09,Email,0.56
2024-04-09,Social,5.25
2024-04-09,Affiliate,1.2
2024-04-09,Direct,0.0
2024-04-10,Paid Search,7.42
2024-04-10,Organic,0.0
2024-04-10,Email,0.68
2024-04-10,Social,4.91
2024-04-10,Affiliate,1.55
2024-04-10,Direct,0.0
2024-04-11,Paid Search,10.72
2024-04-11,Organic,0.0
2024-04-11,Email,0.41
2024-04-11,Social,4.35
2024-04-11,Affiliate,3.02
2024-04-11,Direct,0.0
2024-04-12,Paid Search,7.05
2024-04-12,Organic,0.0
2024-04-12,Email,0.63
2024-04-12,Social,3.66
2024-04-12,Affiliate,1.45
2024-04-12,Direct,0.0
2024-04-13,Paid Search,7.65
2024-04-13,Organic,0.0
2024-04-13,Email,0.77
2024-04-13,Social,6.21
2024-04-13,Affiliate,1.0
2024-04-13,Direct,0.0
2024-04-14,Paid Search,9.55
2024-04-14,Organic,0.0
2024-04-14,Email,0.37
2024-04-14,Social,5.08
2024-04-14,Affiliate,0.85
2024-04-14,Direct,0.0
2024-04-15,Paid Search,9.75
2024-04-15,Organic,0.0
2024-04-15,Email,0.45
2024-04-15,Social,4.67
2024-04-15,Affiliate,1.15
2024-04-15,Direct,0.0
2024-04-16,Paid Search,8.96
2024-04-16,Organic,0.0
2024-04-16,Email,0.49
2024-04-16,Social,4.18
2024-04-16,Affiliate,0.38
2024-04-16,Direct,0.0
2024-04-17,Paid Search,6.99
2024-04-17,Organic,0.0
2024-04-17,Email,0.33
2024-04-17,Social,6.12
2024-04-17,Affiliate,1.46
2024-04-17,Direct,0.0
2024-04-18,Paid Search,9.85
2024-04-18,Organic,0.0
2024-04-18,Email,0.33
2024-04-18,Social,5.67
2024-04-18,Affiliate,2.11
2024-04-18,Direct,0.0
2024-04-19,Paid Search,6.8
2024-04-19,Organic,0.0
2024-04-19,Email,0.61
2024-04-19,Social,5.72
2024-04-19,Affiliate,1.25
2024-04-19,Direct,0.0
2024-04-20,Paid Search,7.68
2024-04-20,Organic,0.0
2024-04-20,Email,0.48
2024-04-20,Social,4.73
2024-04-20,Affiliate,0.54
2024-04-20,Direct,0.0
2024-04-21,Paid Search,10.36
2024-04-21,Organic,0.0
2024-04-21,Email,0.43
2024-04-21,Social,5.91
2024-04-21,Affiliate,1.12
2024-04-21,Direct,0.0
2024-04-22,Paid Search,9.23
2024-04-22,Organic,0.0
2024-04-22,Email,0.49
2024-04-22,Social,4.28
2024-04-22,Affiliate,1.08
2024-04-22,Direct,0.0
2024-04-23,Paid Search,7.52
2024-04-23,Organic,0.0
2024-04-23,Email,0.56
2024-04-23,Social,4.34
2024-04-23,Affiliate,0.68
2024-04-23,Direct,0.0
2024-04-24,Paid Search,7.49
2024-04-24,Organic,0.0
2024-04-24,Email,0.42
2024-04-24,Social,4.71
2024-04-24,Affiliate,1.2
2024-04-24,Direct,0.0
2024-04-25,Paid Search,9.22
2024-04-25,Organic,0.0
2024-04-25,Email,0.57
2024-04-25,Social,3.95
2024-04-25,Affiliate,0.93
2024-04-25,Direct,0.0
2024-04-26,Paid Search,8.4
2024-04-26,Organic,0.0
2024-04-26,Email,0.44
2024-04-26,Social,4.02
2024-04-26,Affiliate,0.68
2024-04-26,Direct,0.0
2024-04-27,Paid Search,7.83
2024-04-27,Organic,0.0
2024-04-27,Email,0.54
2024-04-27,Social,5.64
2024-04-27,Affiliate,2.29
2024-04-27,Direct,0.0
2024-04-28,Paid Search,10.07
2024-04-28,Organic,0.0
2024-04-28,Email,0.51
2024-04-28,Social,4.18
2024-04-28,Affiliate,0.89
2024-04-28,Direct,0.0
2024-04-29,Paid Search,6.73
2024-04-29,Organic,0.0
2024-04-29,Email,0.43
2024-04-29,Social,3.4
2024-04-29,Affiliate,1.62
2024-04-29,Direct,0.0
2024-04-30,Paid Search,10.8
2024-04-30,Organic,0.0
2024-04-30,Email,0.72
2024-04-30,Social,5.09
2024-04-30,Affiliate,1.23
2024-04-30,Direct,0.0
2024-05-01,Paid Search,7.99
2024-05-01,Organic,0.0
2024-05-01,Email,0.6
2024-05-01,Social,4.78
2024-05-01,Affiliate,1.5
2024-05-01,Direct,0.0
2024-05-02,Paid Search,10.12
2024-05-02,Organic,0.0
2024-05-02,Email,0.33
2024-05-02,Social,3.11
2024-05-02,Affiliate,0.94
2024-05-02,Direct,0.0
2024-05-03,Paid Search,8.39
2024-05-03,Organic,0.0
2024-05-03,Email,0.29
2024-05-03,Social,4.36
2024-05-03,Affiliate,0.81
2024-05-03,Direct,0.0
2024-05-04,Paid Search,8.17
2024-05-04,Organic,0.0
2024-05-04,Email,0.58
2024-05-04,Social,6.45
2024-05-04,Affiliate,1.88
2024-05-04,Direct,0.0
2024-05-05,Paid Search,9.45
2024-05-05,Organic,0.0
2024-05-05,Email,0.59
2024-05-05,Social,6.6
2024-05-05,Affiliate,1.91
2024-05-05,Direct,0.0
2024-05-06,Paid Search,9.47
2024-05-06,Organic,0.0
2024-05-06,Email,0.3
2024-05-06,Social,5.17
2024-05-06,Affiliate,1.11
2024-05-06,Direct,0.0
2024-05-07,Paid Search,9.45
2024-05-07,Organic,0.0
2024-05-07,Email,0.56
2024-05-07,Social,4.15
2024-05-07,Affiliate,1.13
2024-05-07,Direct,0.0
2024-05-08,Paid Search,10.65
2024-05-08,Organic,0.0
2024-05-08,Email,0.4
2024-05-08,Social,4.97
2024-05-08,Affiliate,1.64
2024-05-08,Direct,0.0
2024-05-09,Paid Search,8.01
2024-05-09,Organic,0.0
2024-05-09,Email,0.48
2024-05-09,Social,4.39
2024-05-09,Affiliate,0.5
2024-05-09,Direct,0.0
2024-05-10,Paid Search,9.29
2024-05-10,Organic,0.0
2024-05-10,Email,0.56
2024-05-10,Social,5.58
2024-05-10,Affiliate,1.25
2024-05-10,Direct,0.0
2024-05-11,Paid Search,9.22
2024-05-11,Organic,0.0
2024-05-11,Email,0.39
2024-05-11,Social,3.7
2024-05-11,Affiliate,2.3
2024-05-11,Direct,0.0
2024-05-12,Paid Search,10.46
2024-05-12,Organic,0.0
2024-05-12,Email,0.47
2024-05-12,Social,5.36
2024-05-12,Affiliate,1.37
2024-05-12,Direct,0.0
2024-05-13,Paid Search,10.16
2024-05-13,Organic,0.0
2024-05-13,Email,0.47
2024-05-13,Social,4.14
2024-05-13,Affiliate,0.8
2024-05-13,Direct,0.0
2024-05-14,Paid Search,10.02
2024-05-14,Organic,0.0
2024-05-14,Email,0.4
2024-05-14,Social,4.5
2024-05-14,Affiliate,0.55
2024-05-14,Direct,0.0
2024-05-15,Paid Search,7.68
2024-05-15,Organic,0.0
2024-05-15,Email,0.41
2024-05-15,Social,6.05
2024-05-15,Affiliate,1.14
2024-05-15,Direct,0.0
2024-05-16,Paid Search,7.28
2024-05-16,Organic,0.0
2024-05-16,Email,0.43
2024-05-16,Social,4.63
2024-05-16,Affiliate,1.97
2024-05-16,Direct,0.0
2024-05-17,Paid Search,7.63
2024-05-17,Organic,0.0
2024-05-17,Email,0.48
2024-05-17,Social,3.59
2024-05-17,Affiliate,0.99
2024-05-17,Direct,0.0
2024-05-18,Paid Search,13.74
2024-05-18,Organic,0.0
2024-05-18,Email,0.42
2024-05-18,Social,6.56
2024-05-18,Affiliate,0.6
2024-05-18,Direct,0.0
2024-05-19,Paid Search,11.13
2024-05-19,Organic,0.0
2024-05-19,Email,0.39
2024-05-19,Social,6.8
2024-05-19,Affiliate,0.76
2024-05-19,Direct,0.0
2024-05-20,Paid Search,8.44
2024-05-20,Organic,0.0
2024-05-20,Email,0.35
2024-05-20,Social,5.69
2024-05-20,Affiliate,1.05
2024-05-20,Direct,0.0
2024-05-21,Paid Search,7.74
2024-05-21,Organic,0.0
2024-05-21,Email,0.56
2024-05-21,Social,4.31
2024-05-21,Affiliate,2.15
2024-05-21,Direct,0.0
2024-05-22,Paid Search,7.87
2024-05-22,Organic,0.0
2024-05-22,Email,0.35
2024-05-22,Social,5.29
2024-05-22,Affiliate,1.08
2024-05-22,Direct,0.0
2024-05-23,Paid Search,10.61
2024-05-23,Organic,0.0
2024-05-23,Email,0.34
2024-05-23,Social,6.67
2024-05-23,Affiliate,2.22
2024-05-23,Direct,0.0
2024-05-24,Paid Search,6.55
2024-05-24,Organic,0.0
2024-05-24,Email,0.69
2024-05-24,Social,4.78
2024-05-24,Affiliate,1.39
2024-05-24,Direct,0.0
2024-05-25,Paid Search,12.27
2024-05-25,Organic,0.0
2024-05-25,Email,0.75
2024-05-25,Social,4.68
2024-05-25,Affiliate,1.27
2024-05-25,Direct,0.0
2024-05-26,Paid Search,10.82
2024-05-26,Organic,0.0
2024-05-26,Email,0.48
2024-05-26,Social,5.82
2024-05-26,Affiliate,0.73
2024-05-26,Direct,0.0
2024-05-27,Paid Search,7.27
2024-05-27,Organic,0.0
2024-05-27,Email,0.5
2024-05-27,Social,3.67
2024-05-27,Affiliate,1.31
2024-05-27,Direct,0.0
2024-05-28,Paid Search,9.1
2024-05-28,Organic,0.0
2024-05-28,Email,0.55
2024-05-28,Social,5.73
2024-05-28,Affiliate,1.16
2024-05-28,Direct,0.0
2024-05-29,Paid Search,7.7
2024-05-29,Organic,0.0
2024-05-29,Email,0.55
2024-05-29,Social,3.81
2024-05-29,Affiliate,1.27
2024-05-29,Direct,0.0
2024-05-30,Paid Search,9.29
2024-05-30,Organic,0.0
2024-05-30,Email,0.43
2024-05-30,Social,5.22
2024-05-30,Affiliate,1.42
2024-05-30,Direct,0.0
2024-05-31,Paid Search,7.37
2024-05-31,Organic,0.0
2024-05-31,Email,0.56
2024-05-31,Social,4.35
2024-05-31,Affiliate,1.26
2024-05-31,Direct,0.0
2024-06-01,Paid Search,8.05
2024-06-01,Organic,0.0
2024-06-01,Email,0.68
2024-06-01,Social,5.98
2024-06-01,Affiliate,0.7
2024-06-01,Direct,0.0
2024-06-02,Paid Search,10.89
2024-06-02,Organic,0.0
2024-06-02,Email,0.47
2024-06-02,Social,6.05
2024-06-02,Affiliate,1.08
2024-06-02,Direct,0.0
2024-06-03,Paid Search,10.72
2024-06-03,Organic,0.0
2024-06-03,Email,0.26
2024-06-03,Social,3.63
2024-06-03,Affiliate,1.14
2024-06-03,Direct,0.0
2024-06-04,Paid Search,9.98
2024-06-04,Organic,0.0
2024-06-04,Email,0.8
2024-06-04,Social,5.3
2024-06-04,Affiliate,1.39
2024-06-04,Direct,0.0
2024-06-05,Paid Search,9.07
2024-06-05,Organic,0.0
2024-06-05,Email,0.4
2024-06-05,Social,5.77
2024-06-05,Affiliate,0.7
2024-06-05,Direct,0.0
2024-06-06,Paid Search,12.55
2024-06-06,Organic,0.0
2024-06-06,Email,0.63
2024-06-06,Social,3.6
2024-06-06,Affiliate,1.71
2024-06-06,Direct,0.0
2024-06-07,Paid Search,8.05
2024-06-07,Organic,0.0
2024-06-07,Email,0.34
2024-06-07,Social,4.8
2024-06-07,Affiliate,1.18
2024-06-07,Direct,0.0
2024-06-08,Paid Search,9.14
2024-06-08,Organic,0.0
2024-06-08,Email,0.47
2024-06-08,Social,4.28
2024-06-08,Affiliate,1.67
2024-06-08,Direct,0.0
2024-06-09,Paid Search,8.69
2024-06-09,Organic,0.0
2024-06-09,Email,0.29
2024-06-09,Social,7.42
2024-06-09,Affiliate,2.58
2024-06-09,Direct,0.0
2024-06-10,Paid Search,9.64
2024-06-10,Organic,0.0
2024-06-10,Email,0.24
2024-06-10,Social,5.5
2024-06-10,Affiliate,1.1
2024-06-10,Direct,0.0
2024-06-11,Paid Search,8.14
2024-06-11,Organic,0.0
2024-06-11,Email,0.46
2024-06-11,Social,5.07
2024-06-11,Affiliate,1.19
2024-06-11,Direct,0.0
2024-06-12,Paid Search,12.18
2024-06-12,Organic,0.0
2024-06-12,Email,0.59
2024-06-12,Social,3.98
2024-06-12,Affiliate,1.34
2024-06-12,Direct,0.0
2024-06-13,Paid Search,8.31
2024-06-13,Organic,0.0
2024-06-13,Email,0.38
2024-06-13,Social,4.02
2024-06-13,Affiliate,1.37
2024-06-13,Direct,0.0
2024-06-14,Paid Search,9.6
2024-06-14,Organic,0.0
2024-06-14,Email,0.81
2024-06-14,Social,6.04
2024-06-14,Affiliate,1.19
2024-06-14,Direct,0.0
2024-06-15,Paid Search,9.7
2024-06-15,Organic,0.0
2024-06-15,Email,0.5
2024-06-15,Social,4.76
2024-06-15,Affiliate,0.58
2024-06-15,Direct,0.0
2024-06-16,Paid Search,12.72
2024-06-16,Organic,0.0
2024-06-16,Email,0.84
2024-06-16,Social,6.58
2024-06-16,Affiliate,0.92
2024-06-16,Direct,0.0
2024-06-17,Paid Search,9.64
2024-06-17,Organic,0.0
2024-06-17,Email,0.53
2024-06-17,Social,4.45
2024-06-17,Affiliate,1.12
2024-06-17,Direct,0.0
2024-06-18,Paid Search,9.15
2024-06-18,Organic,0.0
2024-06-18,Email,0.45
2024-06-18,Social,3.65
2024-06-18,Affiliate,1.24
2024-06-18,Direct,0.0
2024-06-19,Paid Search,6.54
2024-06-19,Organic,0.0
2024-06-19,Email,0.51
2024-06-19,Social,4.92
2024-06-19,Affiliate,1.18
2024-06-19,Direct,0.0
2024-06-20,Paid Search,7.29
2024-06-20,Organic,0.0
2024-06-20,Email,0.28
2024-06-20,Social,5.74
2024-06-20,Affiliate,1.49
2024-06-20,Direct,0.0
2024-06-21,Paid Search,10.5
2024-06-21,Organic,0.0
2024-06-21,Email,0.48
2024-06-21,Social,4.01
2024-06-21,Affiliate,2.16
2024-06-21,Direct,0.0
2024-06-22,Paid Search,11.74
2024-06-22,Organic,0.0
2024-06-22,Email,0.3
2024-06-22,Social,5.11
2024-06-22,Affiliate,2.19
2024-06-22,Direct,0.0
2024-06-23,Paid Search,11.22
2024-06-23,Organic,0.0
2024-06-23,Email,0.84
2024-06-23,Social,7.2
2024-06-23,Affiliate,1.45
2024-06-23,Direct,0.0
2024-06-24,Paid Search,8.06
2024-06-24,Organic,0.0
2024-06-24,Email,0.69
2024-06-24,Social,4.09
2024-06-24,Affiliate,1.42
2024-06-24,Direct,0.0
2024-06-25,Paid Search,9.81
2024-06-25,Organic,0.0
2024-06-25,Email,0.66
2024-06-25,Social,4.5
2024-06-25,Affiliate,2.22
2024-06-25,Direct,0.0
2024-06-26,Paid Search,6.96
2024-06-26,Organic,0.0
2024-06-26,Email,0.45
2024-06-26,Social,4.22
2024-06-26,Affiliate,2.19
2024-06-26,Direct,0.0
2024-06-27,Paid Search,10.01
2024-06-27,Organic,0.0
2024-06-27,Email,0.42
2024-06-27,Social,3.27
2024-06-27,Affiliate,2.58
2024-06-27,Direct,0.0
2024-06-28,Paid Search,9.39
2024-06-28,Organic,0.0
2024-06-28,Email,0.61
2024-06-28,Social,3.83
2024-06-28,Affiliate,1.52
2024-06-28,Direct,0.0
2024-06-29,Paid Search,7.3
2024-06-29,Organic,0.0
2024-06-29,Email,0.53
2024-06-29,Social,5.84
2024-06-29,Affiliate,0.92
2024-06-29,Direct,0.0
2024-06-30,Paid Search,10.99
2024-06-30,Organic,0.0
2024-06-30,Email,0.71
2024-06-30,Social,5.47
2024-06-30,Affiliate,1.14
2024-06-30,Direct,0.0
2024-07-01,Paid Search,9.95
2024-07-01,Organic,0.0
2024-07-01,Email,0.45
2024-07-01,Social,4.17
2024-07-01,Affiliate,1.47
2024-07-01,Direct,0.0
2024-07-02,Paid Search,6.95
2024-07-02,Organic,0.0
2024-07-02,Email,0.61
2024-07-02,Social,5.85
2024-07-02,Affiliate,1.1
2024-07-02,Direct,0.0
2024-07-03,Paid Search,8.85
2024-07-03,Organic,0.0
2024-07-03,Email,0.29
2024-07-03,Social,4.24
2024-07-03,Affiliate,0.97
2024-07-03,Direct,0.0
2024-07-04,Paid Search,6.55
2024-07-04,Organic,0.0
2024-07-04,Email,0.43
2024-07-04,Social,4.34
2024-07-04,Affiliate,1.07
2024-07-04,Direct,0.0
2024-07-05,Paid Search,8.44
2024-07-05,Organic,0.0
2024-07-05,Email,0.55
2024-07-05,Social,5.84
2024-07-05,Affiliate,0.62
2024-07-05,Direct,0.0
2024-07-06,Paid Search,13.13
2024-07-06,Organic,0.0
2024-07-06,Email,0.5
2024-07-06,Social,6.14
2024-07-06,Affiliate,1.41
2024-07-06,Direct,0.0
2024-07-07,Paid Search,12.47
2024-07-07,Organic,0.0
2024-07-07,Email,0.5
2024-07-07,Social,7.14
2024-07-07,Affiliate,1.23
2024-07-07,Direct,0.0
2024-07-08,Paid Search,7.79
2024-07-08,Organic,0.0
2024-07-08,Email,0.32
2024-07-08,Social,3.92
2024-07-08,Affiliate,1.22
2024-07-08,Direct,0.0
2024-07-09,Paid Search,10.01
2024-07-09,Organic,0.0
2024-07-09,Email,0.6
2024-07-09,Social,4.61
2024-07-09,Affiliate,1.76
2024-07-09,Direct,0.0
2024-07-10,Paid Search,9.87
2024-07-10,Organic,0.0
2024-07-10,Email,0.46
2024-07-10,Social,3.31
2024-07-10,Affiliate,1.7
2024-07-10,Direct,0.0
2024-07-11,Paid Search,8.48
2024-07-11,Organic,0.0
2024-07-11,Email,0.46
2024-07-11,Social,6.5
2024-07-11,Affiliate,1.53
2024-07-11,Direct,0.0
2024-07-12,Paid Search,8.44
2024-07-12,Organic,0.0
2024-07-12,Email,0.52
2024-07-12,Social,3.68
2024-07-12,Affiliate,2.19
2024-07-12,Direct,0.0
2024-07-13,Paid Search,9.33
2024-07-13,Organic,0.0
2024-07-13,Email,0.52
2024-07-13,Social,4.44
2024-07-13,Affiliate,1.54
2024-07-13,Direct,0.0
2024-07-14,Paid Search,9.74
2024-07-14,Organic,0.0
2024-07-14,Email,0.53
2024-07-14,Social,6.97
2024-07-14,Affiliate,1.08
2024-07-14,Direct,0.0
2024-07-15,Paid Search,11.07
2024-07-15,Organic,0.0
2024-07-15,Email,0.52
2024-07-15,Social,5.55
2024-07-15,Affiliate,1.41
2024-07-15,Direct,0.0
2024-07-16,Paid Search,10.68
2024-07-16,Organic,0.0
2024-07-16,Email,0.63
2024-07-16,Social,5.1
2024-07-16,Affiliate,0.3
2024-07-16,Direct,0.0
2024-07-17,Paid Search,10.15
2024-07-17,Organic,0.0
2024-07-17,Email,0.36
2024-07-17,Social,5.95
2024-07-17,Affiliate,2.41
2024-07-17,Direct,0.0
2024-07-18,Paid Search,7.54
2024-07-18,Organic,0.0
2024-07-18,Email,0.57
2024-07-18,Social,3.98
2024-07-18,Affiliate,0.74
2024-07-18,Direct,0.0
2024-07-19,Paid Search,10.81
2024-07-19,Organic,0.0
2024-07-19,Email,0.42
2024-07-19,Social,4.19
2024-07-19,Affiliate,0.95
2024-07-19,Direct,0.0
2024-07-20,Paid Search,9.13
2024-07-20,Organic,0.0
2024-07-20,Email,0.45
2024-07-20,Social,4.49
2024-07-20,Affiliate,1.1
2024-07-20,Direct,0.0
2024-07-21,Paid Search,11.72
2024-07-21,Organic,0.0
2024-07-21,Email,0.58
2024-07-21,Social,4.82
2024-07-21,Affiliate,0.69
2024-07-21,Direct,0.0
2024-07-22,Paid Search,9.67
2024-07-22,Organic,0.0
2024-07-22,Email,0.54
2024-07-22,Social,4.94
2024-07-22,Affiliate,0.81
2024-07-22,Direct,0.0
2024-07-23,Paid Search,8.11
2024-07-23,Organic,0.0
2024-07-23,Email,0.6
2024-07-23,Social,4.88
2024-07-23,Affiliate,0.54
2024-07-23,Direct,0.0
2024-07-24,Paid Search,10.64
2024-07-24,Organic,0.0
2024-07-24,Email,0.29
2024-07-24,Social,5.06
2024-07-24,Affiliate,0.53
2024-07-24,Direct,0.0
2024-07-25,Paid Search,11.27
2024-07-25,Organic,0.0
2024-07-25,Email,0.5
2024-07-25,Social,5.71
2024-07-25,Affiliate,1.55
2024-07-25,Direct,0.0
2024-07-26,Paid Search,9.68
2024-07-26,Organic,0.0
2024-07-26,Email,0.7
2024-07-26,Social,3.91
2024-07-26,Affiliate,1.47
2024-07-26,Direct,0.0
2024-07-27,Paid Search,9.56
2024-07-27,Organic,0.0
2024-07-27,Email,0.51
2024-07-27,Social,7.16
2024-07-27,Affiliate,0.72
2024-07-27,Direct,0.0
2024-07-28,Paid Search,9.49
2024-07-28,Organic,0.0
2024-07-28,Email,0.38
2024-07-28,Social,6.49
2024-07-28,Affiliate,1.82
2024-07-28,Direct,0.0
2024-07-29,Paid Search,10.59
2024-07-29,Organic,0.0
2024-07-29,Email,0.74
2024-07-29,Social,4.56
2024-07-29,Affiliate,2.32
2024-07-29,Direct,0.0
2024-07-30,Paid Search,9.05
2024-07-30,Organic,0.0
2024-07-30,Email,0.33
2024-07-30,Social,4.49
2024-07-30,Affiliate,2.5
2024-07-30,Direct,0.0
2024-07-31,Paid Search,9.81
2024-07-31,Organic,0.0
2024-07-31,Email,0.66
2024-07-31,Social,4.09
2024-07-31,Affiliate,1.36
2024-07-31,Direct,0.0
2024-08-01,Paid Search,10.66
2024-08-01,Organic,0.0
2024-08-01,Email,0.34
2024-08-01,Social,5.86
2024-08-01,Affiliate,0.83
2024-08-01,Direct,0.0
2024-08-02,Paid Search,8.12
2024-08-02,Organic,0.0
2024-08-02,Email,0.68
2024-08-02,Social,4.71
2024-08-02,Affiliate,1.3
2024-08-02,Direct,0.0
2024-08-03,Paid Search,9.66
2024-08-03,Organic,0.0
2024-08-03,Email,0.6
2024-08-03,Social,7.48
2024-08-03,Affiliate,1.15
2024-08-03,Direct,0.0
2024-08-04,Paid Search,10.48
2024-08-04,Organic,0.0
2024-08-04,Email,0.57
2024-08-04,Social,4.95
2024-08-04,Affiliate,1.69
2024-08-04,Direct,0.0
2024-08-05,Paid Search,8.19
2024-08-05,Organic,0.0
2024-08-05,Email,0.37
2024-08-05,Social,4.82
2024-08-05,Affiliate,1.19
2024-08-05,Direct,0.0
2024-08-06,Paid Search,9.42
2024-08-06,Organic,0.0
2024-08-06,Email,0.67
2024-08-06,Social,3.57
2024-08-06,Affiliate,2.16
2024-08-06,Direct,0.0
2024-08-07,Paid Search,10.83
2024-08-07,Organic,0.0
2024-08-07,Email,0.4
2024-08-07,Social,6.61
2024-08-07,Affiliate,0.91
2024-08-07,Direct,0.0
2024-08-08,Paid Search,7.36
2024-08-08,Organic,0.0
2024-08-08,Email,0.45
2024-08-08,Social,6.17
2024-08-08,Affiliate,1.57
2024-08-08,Direct,0.0
2024-08-09,Paid Search,10.52
2024-08-09,Organic,0.0
2024-08-09,Email,0.61
2024-08-09,Social,7.27
2024-08-09,Affiliate,1.68
2024-08-09,Direct,0.0
2024-08-10,Paid Search,7.5
2024-08-10,Organic,0.0
2024-08-10,Email,0.46
2024-08-10,Social,4.57
2024-08-10,Affiliate,1.01
2024-08-10,Direct,0.0
2024-08-11,Paid Search,9.94
2024-08-11,Organic,0.0
2024-08-11,Email,0.5
2024-08-11,Social,6.02
2024-08-11,Affiliate,2.0
2024-08-11,Direct,0.0
2024-08-12,Paid Search,8.44
2024-08-12,Organic,0.0
2024-08-12,Email,0.57
2024-08-12,Social,3.46
2024-08-12,Affiliate,1.57
2024-08-12,Direct,0.0
2024-08-13,Paid Search,8.09
2024-08-13,Organic,0.0
2024-08-13,Email,0.67
2024-08-13,Social,5.82
2024-08-13,Affiliate,1.01
2024-08-13,Direct,0.0
2024-08-14,Paid Search,9.58
2024-08-14,Organic,0.0
2024-08-14,Email,0.47
2024-08-14,Social,4.81
2024-08-14,Affiliate,1.0
2024-08-14,Direct,0.0
2024-08-15,Paid Search,10.65
2024-08-15,Organic,0.0
2024-08-15,Email,0.72
2024-08-15,Social,5.56
2024-08-15,Affiliate,0.1
2024-08-15,Direct,0.0
2024-08-16,Paid Search,10.37
2024-08-16,Organic,0.0
2024-08-16,Email,0.58
2024-08-16,Social,5.07
2024-08-16,Affiliate,1.58
2024-08-16,Direct,0.0
2024-08-17,Paid Search,10.26
2024-08-17,Organic,0.0
2024-08-17,Email,0.71
2024-08-17,Social,7.72
2024-08-17,Affiliate,2.44
2024-08-17,Direct,0.0
2024-08-18,Paid Search,11.24
2024-08-18,Organic,0.0
2024-08-18,Email,0.31
2024-08-18,Social,7.0
2024-08-18,Affiliate,1.8
2024-08-18,Direct,0.0
2024-08-19,Paid Search,12.86
2024-08-19,Organic,0.0
2024-08-19,Email,0.59
2024-08-19,Social,4.21
2024-08-19,Affiliate,1.82
2024-08-19,Direct,0.0
2024-08-20,Paid Search,9.09
2024-08-20,Organic,0.0
2024-08-20,Email,0.38
2024-08-20,Social,3.68
2024-08-20,Affiliate,2.16
2024-08-20,Direct,0.0
2024-08-21,Paid Search,7.62
2024-08-21,Organic,0.0
2024-08-21,Email,0.36
2024-08-21,Social,5.57
2024-08-21,Affiliate,1.28
2024-08-21,Direct,0.0
2024-08-22,Paid Search,11.12
2024-08-22,Organic,0.0
2024-08-22,Email,0.44
2024-08-22,Social,6.24
2024-08-22,Affiliate,2.35
2024-08-22,Direct,0.0
2024-08-23,Paid Search,7.63
2024-08-23,Organic,0.0
2024-08-23,Email,0.3
2024-08-23,Social,6.59
2024-08-23,Affiliate,1.1
2024-08-23,Direct,0.0
2024-08-24,Paid Search,9.64
2024-08-24,Organic,0.0
2024-08-24,Email,0.3
2024-08-24,Social,7.03
2024-08-24,Affiliate,1.18
2024-08-24,Direct,0.0
2024-08-25,Paid Search,10.78
2024-08-25,Organic,0.0
2024-08-25,Email,0.72
2024-08-25,Social,6.14
2024-08-25,Affiliate,1.78
2024-08-25,Direct,0.0
2024-08-26,Paid Search,13.07
2024-08-26,Organic,0.0
2024-08-26,Email,0.41
2024-08-26,Social,4.06
2024-08-26,Affiliate,1.06
2024-08-26,Direct,0.0
2024-08-27,Paid Search,8.13
2024-08-27,Organic,0.0
2024-08-27,Email,0.42
2024-08-27,Social,5.06
2024-08-27,Affiliate,1.82
2024-08-27,Direct,0.0
2024-08-28,Paid Search,9.76
2024-08-28,Organic,0.0
2024-08-28,Email,0.4
2024-08-28,Social,5.08
2024-08-28,Affiliate,1.37
2024-08-28,Direct,0.0
2024-08-29,Paid Search,10.06
2024-08-29,Organic,0.0
2024-08-29,Email,0.73
2024-08-29,Social,4.91
2024-08-29,Affiliate,1.08
2024-08-29,Direct,0.0
2024-08-30,Paid Search,11.49
2024-08-30,Organic,0.0
2024-08-30,Email,0.64
2024-08-30,Social,5.21
2024-08-30,Affiliate,2.41
2024-08-30,Direct,0.0
2024-08-31,Paid Search,12.35
2024-08-31,Organic,0.0
2024-08-31,Email,0.66
2024-08-31,Social,5.93
2024-08-31,Affiliate,1.79
2024-08-31,Direct,0.0
2024-09-01,Paid Search,9.54
2024-09-01,Organic,0.0
2024-09-01,Email,0.57
2024-09-01,Social,6.5
2024-09-01,Affiliate,1.89
2024-09-01,Direct,0.0
2024-09-02,Paid Search,9.77
2024-09-02,Organic,0.0
2024-09-02,Email,0.38
2024-09-02,Social,6.19
2024-09-02,Affiliate,1.5
2024-09-02,Direct,0.0
2024-09-03,Paid Search,10.24
2024-09-03,Organic,0.0
2024-09-03,Email,0.59
2024-09-03,Social,5.18
2024-09-03,Affiliate,1.56
2024-09-03,Direct,0.0
2024-09-04,Paid Search,9.73
2024-09-04,Organic,0.0
2024-09-04,Email,0.54
2024-09-04,Social,5.39
2024-09-04,Affiliate,0.87
2024-09-04,Direct,0.0
2024-09-05,Paid Search,9.33
2024-09-05,Organic,0.0
2024-09-05,Email,0.5
2024-09-05,Social,4.51
2024-09-05,Affiliate,1.69
2024-09-05,Direct,0.0
2024-09-06,Paid Search,10.7
2024-09-06,Organic,0.0
2024-09-06,Email,0.61
2024-09-06,Social,4.65
2024-09-06,Affiliate,1.45
2024-09-06,Direct,0.0
2024-09-07,Paid Search,8.67
2024-09-07,Organic,0.0
2024-09-07,Email,0.37
2024-09-07,Social,7.27
2024-09-07,Affiliate,1.13
2024-09-07,Direct,0.0
2024-09-08,Paid Search,12.28
2024-09-08,Organic,0.0
2024-09-08,Email,0.29
2024-09-08,Social,6.73
2024-09-08,Affiliate,2.16
2024-09-08,Direct,0.0
2024-09-09,Paid Search,7.6
2024-09-09,Organic,0.0
2024-09-09,Email,0.56
2024-09-09,Social,5.37
2024-09-09,Affiliate,1.78
2024-09-09,Direct,0.0
2024-09-10,Paid Search,10.43
2024-09-10,Organic,0.0
2024-09-10,Email,0.69
2024-09-10,Social,3.69
2024-09-10,Affiliate,1.2
2024-09-10,Direct,0.0
2024-09-11,Paid Search,11.05
2024-09-11,Organic,0.0
2024-09-11,Email,0.34
2024-09-11,Social,5.84
2024-09-11,Affiliate,0.67
2024-09-11,Direct,0.0
2024-09-12,Paid Search,9.94
2024-09-12,Organic,0.0
2024-09-12,Email,0.53
2024-09-12,Social,6.9
2024-09-12,Affiliate,0.86
2024-09-12,Direct,0.0
2024-09-13,Paid Search,10.64
2024-09-13,Organic,0.0
2024-09-13,Email,0.69
2024-09-13,Social,7.01
2024-09-13,Affiliate,2.05
2024-09-13,Direct,0.0
2024-09-14,Paid Search,11.74
2024-09-14,Organic,0.0
2024-09-14,Email,0.39
2024-09-14,Social,8.09
2024-09-14,Affiliate,1.21
2024-09-14,Direct,0.0
2024-09-15,Paid Search,8.77
2024-09-15,Organic,0.0
2024-09-15,Email,0.48
2024-09-15,Social,6.89
2024-09-15,Affiliate,1.97
2024-09-15,Direct,0.0
2024-09-16,Paid Search,8.49
2024-09-16,Organic,0.0
2024-09-16,Email,0.26
2024-09-16,Social,4.86
2024-09-16,Affiliate,3.12
2024-09-16,Direct,0.0
2024-09-17,Paid Search,7.19
2024-09-17,Organic,0.0
2024-09-17,Email,0.42
2024-09-17,Social,5.75
2024-09-17,Affiliate,1.15
2024-09-17,Direct,0.0
2024-09-18,Paid Search,8.8
2024-09-18,Organic,0.0
2024-09-18,Email,0.4
2024-09-18,Social,3.8
2024-09-18,Affiliate,1.43
2024-09-18,Direct,0.0
2024-09-19,Paid Search,13.17
2024-09-19,Organic,0.0
2024-09-19,Email,0.78
2024-09-19,Social,5.69
2024-09-19,Affiliate,2.41
2024-09-19,Direct,0.0
2024-09-20,Paid Search,10.39
2024-09-20,Organic,0.0
2024-09-20,Email,0.78
2024-09-20,Social,5.75
2024-09-20,Affiliate,1.12
2024-09-20,Direct,0.0
2024-09-21,Paid Search,9.65
2024-09-21,Organic,0.0
2024-09-21,Email,0.54
2024-09-21,Social,5.83
2024-09-21,Affiliate,1.4
2024-09-21,Direct,0.0
2024-09-22,Paid Search,13.14
2024-09-22,Organic,0.0
2024-09-22,Email,0.57
2024-09-22,Social,8.07
2024-09-22,Affiliate,2.63
2024-09-22,Direct,0.0
2024-09-23,Paid Search,11.28
2024-09-23,Organic,0.0
2024-09-23,Email,0.59
2024-09-23,Social,4.63
2024-09-23,Affiliate,2.23
2024-09-23,Direct,0.0
2024-09-24,Paid Search,9.46
2024-09-24,Organic,0.0
2024-09-24,Email,0.46
2024-09-24,Social,4.03
2024-09-24,Affiliate,0.8
2024-09-24,Direct,0.0
2024-09-25,Paid Search,9.22
2024-09-25,Organic,0.0
2024-09-25,Email,0.38
2024-09-25,Social,5.56
2024-09-25,Affiliate,1.28
2024-09-25,Direct,0.0
2024-09-26,Paid Search,8.87
2024-09-26,Organic,0.0
2024-09-26,Email,0.43
2024-09-26,Social,5.72
2024-09-26,Affiliate,1.61
2024-09-26,Direct,0.0
2024-09-27,Paid Search,9.81
2024-09-27,Organic,0.0
2024-09-27,Email,0.59
2024-09-27,Social,6.14
2024-09-27,Affiliate,0.86
2024-09-27,Direct,0.0
2024-09-28,Paid Search,9.45
2024-09-28,Organic,0.0
2024-09-28,Email,0.46
2024-09-28,Social,7.3
2024-09-28,Affiliate,0.98
2024-09-28,Direct,0.0
2024-09-29,Paid Search,11.19
2024-09-29,Organic,0.0
2024-09-29,Email,0.65
2024-09-29,Social,5.34
2024-09-29,Affiliate,1.77
2024-09-29,Direct,0.0
2024-09-30,Paid Search,11.53
2024-09-30,Organic,0.0
2024-09-30,Email,0.36
2024-09-30,Social,3.79
2024-09-30,Affiliate,0.9
2024-09-30,Direct,0.0
2024-10-01,Paid Search,9.75
2024-10-01,Organic,0.0
2024-10-01,Email,0.46
2024-10-01,Social,3.47
2024-10-01,Affiliate,1.11
2024-10-01,Direct,0.0
2024-10-02,Paid Search,12.44
2024-10-02,Organic,0.0
2024-10-02,Email,0.32
2024-10-02,Social,5.22
2024-10-02,Affiliate,1.56
2024-10-02,Direct,0.0
2024-10-03,Paid Search,10.49
2024-10-03,Organic,0.0
2024-10-03,Email,0.47
2024-10-03,Social,5.8
2024-10-03,Affiliate,0.69
2024-10-03,Direct,0.0
2024-10-04,Paid Search,8.6
2024-10-04,Organic,0.0
2024-10-04,Email,1.02
2024-10-04,Social,5.44
2024-10-04,Affiliate,1.19
2024-10-04,Direct,0.0
2024-10-05,Paid Search,11.22
2024-10-05,Organic,0.0
2024-10-05,Email,0.44
2024-10-05,Social,4.31
2024-10-05,Affiliate,1.1
2024-10-05,Direct,0.0
2024-10-06,Paid Search,8.81
2024-10-06,Organic,0.0
2024-10-06,Email,0.52
2024-10-06,Social,7.15
2024-10-06,Affiliate,1.27
2024-10-06,Direct,0.0
2024-10-07,Paid Search,9.23
2024-10-07,Organic,0.0
2024-10-07,Email,0.4
2024-10-07,Social,3.5
2024-10-07,Affiliate,1.78
2024-10-07,Direct,0.0
2024-10-08,Paid Search,7.95
2024-10-08,Organic,0.0
2024-10-08,Email,0.39
2024-10-08,Social,4.15
2024-10-08,Affiliate,1.92
2024-10-08,Direct,0.0
2024-10-09,Paid Search,11.05
2024-10-09,Organic,0.0
2024-10-09,Email,0.6
2024-10-09,Social,4.78
2024-10-09,Affiliate,0.94
2024-10-09,Direct,0.0
2024-10-10,Paid Search,10.9
2024-10-10,Organic,0.0
2024-10-10,Email,0.42
2024-10-10,Social,3.74
2024-10-10,Affiliate,0.55
2024-10-10,Direct,0.0
2024-10-11,Paid Search,11.15
2024-10-11,Organic,0.0
2024-10-11,Email,0.66
2024-10-11,Social,4.07
2024-10-11,Affiliate,2.23
2024-10-11,Direct,0.0
2024-10-12,Paid Search,9.02
2024-10-12,Organic,0.0
2024-10-12,Email,0.69
2024-10-12,Social,5.67
2024-10-12,Affiliate,1.12
2024-10-12,Direct,0.0
2024-10-13,Paid Search,13.76
2024-10-13,Organic,0.0
2024-10-13,Email,0.41
2024-10-13,Social,5.5
2024-10-13,Affiliate,1.96
2024-10-13,Direct,0.0
2024-10-14,Paid Search,11.91
2024-10-14,Organic,0.0
2024-10-14,Email,0.6
2024-10-14,Social,5.81
2024-10-14,Affiliate,1.21
2024-10-14,Direct,0.0
2024-10-15,Paid Search,9.85
2024-10-15,Organic,0.0
2024-10-15,Email,0.47
2024-10-15,Social,4.45
2024-10-15,Affiliate,1.69
2024-10-15,Direct,0.0
2024-10-16,Paid Search,7.53
2024-10-16,Organic,0.0
2024-10-16,Email,0.75
2024-10-16,Social,5.43
2024-10-16,Affiliate,1.03
2024-10-16,Direct,0.0
2024-10-17,Paid Search,8.83
2024-10-17,Organic,0.0
2024-10-17,Email,0.64
2024-10-17,Social,4.92
2024-10-17,Affiliate,1.27
2024-10-17,Direct,0.0
2024-10-18,Paid Search,10.85
2024-10-18,Organic,0.0
2024-10-18,Email,0.54
2024-10-18,Social,6.01
2024-10-18,Affiliate,1.0
2024-10-18,Direct,0.0
2024-10-19,Paid Search,11.49
2024-10-19,Organic,0.0
2024-10-19,Email,0.42
2024-10-19,Social,6.59
2024-10-19,Affiliate,2.23
2024-10-19,Direct,0.0
2024-10-20,Paid Search,10.33
2024-10-20,Organic,0.0
2024-10-20,Email,0.4
2024-10-20,Social,6.18
2024-10-20,Affiliate,1.07
2024-10-20,Direct,0.0
2024-10-21,Paid Search,10.05
2024-10-21,Organic,0.0
2024-10-21,Email,0.43
2024-10-21,Social,5.05
2024-10-21,Affiliate,0.68
2024-10-21,Direct,0.0
2024-10-22,Paid Search,10.94
2024-10-22,Organic,0.0
2024-10-22,Email,0.75
2024-10-22,Social,4.51
2024-10-22,Affiliate,1.31
2024-10-22,Direct,0.0
2024-10-23,Paid Search,9.72
2024-10-23,Organic,0.0
2024-10-23,Email,0.64
2024-10-23,Social,4.99
2024-10-23,Affiliate,2.1
2024-10-23,Direct,0.0
2024-10-24,Paid Search,10.44
2024-10-24,Organic,0.0
2024-10-24,Email,0.49
2024-10-24,Social,3.36
2024-10-24,Affiliate,1.08
2024-10-24,Direct,0.0
2024-10-25,Paid Search,9.4
2024-10-25,Organic,0.0
2024-10-25,Email,0.7
2024-10-25,Social,3.79
2024-10-25,Affiliate,1.8
2024-10-25,Direct,0.0
2024-10-26,Paid Search,11.34
2024-10-26,Organic,0.0
2024-10-26,Email,0.43
2024-10-26,Social,7.43
2024-10-26,Affiliate,1.58
2024-10-26,Direct,0.0
2024-10-27,Paid Search,9.1
2024-10-27,Organic,0.0
2024-10-27,Email,0.47
2024-10-27,Social,5.47
2024-10-27,Affiliate,1.45
2024-10-27,Direct,0.0
2024-10-28,Paid Search,9.76
2024-10-28,Organic,0.0
2024-10-28,Email,0.54
2024-10-28,Social,5.75
2024-10-28,Affiliate,1.68
2024-10-28,Direct,0.0
2024-10-29,Paid Search,9.44
2024-10-29,Organic,0.0
2024-10-29,Email,0.91
2024-10-29,Social,4.73
2024-10-29,Affiliate,1.18
2024-10-29,Direct,0.0
2024-10-30,Paid Search,10.1
2024-10-30,Organic,0.0
2024-10-30,Email,0.75
2024-10-30,Social,5.2
2024-10-30,Affiliate,1.63
2024-10-30,Direct,0.0
2024-10-31,Paid Search,7.28
2024-10-31,Organic,0.0
2024-10-31,Email,0.21
2024-10-31,Social,4.52
2024-10-31,Affiliate,2.12
2024-10-31,Direct,0.0
2024-11-01,Paid Search,12.23
2024-11-01,Organic,0.0
2024-11-01,Email,0.71
2024-11-01,Social,5.2
2024-11-01,Affiliate,0.48
2024-11-01,Direct,0.0
2024-11-02,Paid Search,10.44
2024-11-02,Organic,0.0
2024-11-02,Email,0.6
2024-11-02,Social,7.36
2024-11-02,Affiliate,1.89
2024-11-02,Direct,0.0
2024-11-03,Paid Search,9.27
2024-11-03,Organic,0.0
2024-11-03,Email,0.72
2024-11-03,Social,5.12
2024-11-03,Affiliate,1.32
2024-11-03,Direct,0.0
2024-11-04,Paid Search,9.71
2024-11-04,Organic,0.0
2024-11-04,Email,0.55
2024-11-04,Social,6.1
2024-11-04,Affiliate,1.91
2024-11-04,Direct,0.0
2024-11-05,Paid Search,11.77
2024-11-05,Organic,0.0
2024-11-05,Email,0.97
2024-11-05,Social,5.14
2024-11-05,Affiliate,1.27
2024-11-05,Direct,0.0
2024-11-06,Paid Search,7.61
2024-11-06,Organic,0.0
2024-11-06,Email,0.42
2024-11-06,Social,6.95
2024-11-06,Affiliate,1.35
2024-11-06,Direct,0.0
2024-11-07,Paid Search,10.37
2024-11-07,Organic,0.0
2024-11-07,Email,0.52
2024-11-07,Social,7.23
2024-11-07,Affiliate,1.46
2024-11-07,Direct,0.0
2024-11-08,Paid Search,8.43
2024-11-08,Organic,0.0
2024-11-08,Email,0.62
2024-11-08,Social,5.2
2024-11-08,Affiliate,2.41
2024-11-08,Direct,0.0
2024-11-09,Paid Search,12.4
2024-11-09,Organic,0.0
2024-11-09,Email,0.53
2024-11-09,Social,5.22
2024-11-09,Affiliate,1.37
2024-11-09,Direct,0.0
2024-11-10,Paid Search,11.94
2024-11-10,Organic,0.0
2024-11-10,Email,0.71
2024-11-10,Social,7.61
2024-11-10,Affiliate,1.31
2024-11-10,Direct,0.0
2024-11-11,Paid Search,10.28
2024-11-11,Organic,0.0
2024-11-11,Email,0.35
2024-11-11,Social,6.96
2024-11-11,Affiliate,1.3
2024-11-11,Direct,0.0
2024-11-12,Paid Search,11.15
2024-11-12,Organic,0.0
2024-11-12,Email,0.6
2024-11-12,Social,4.82
2024-11-12,Affiliate,2.05
2024-11-12,Direct,0.0
2024-11-13,Paid Search,8.62
2024-11-13,Organic,0.0
2024-11-13,Email,0.65
2024-11-13,Social,5.88
2024-11-13,Affiliate,1.25
2024-11-13,Direct,0.0
2024-11-14,Paid Search,9.15
2024-11-14,Organic,0.0
2024-11-14,Email,0.55
2024-11-14,Social,4.95
2024-11-14,Affiliate,1.15
2024-11-14,Direct,0.0
2024-11-15,Paid Search,11.47
2024-11-15,Organic,0.0
2024-11-15,Email,0.54
2024-11-15,Social,6.45
2024-11-15,Affiliate,0.64
2024-11-15,Direct,0.0
2024-11-16,Paid Search,8.78
2024-11-16,Organic,0.0
2024-11-16,Email,0.68
2024-11-16,Social,6.2
2024-11-16,Affiliate,1.67
2024-11-16,Direct,0.0
2024-11-17,Paid Search,9.55
2024-11-17,Organic,0.0
2024-11-17,Email,0.58
2024-11-17,Social,6.79
2024-11-17,Affiliate,1.75
2024-11-17,Direct,0.0
2024-11-18,Paid Search,13.07
2024-11-18,Organic,0.0
2024-11-18,Email,0.41
2024-11-18,Social,5.18
2024-11-18,Affiliate,1.21
2024-11-18,Direct,0.0
2024-11-19,Paid Search,8.67
2024-11-19,Organic,0.0
2024-11-19,Email,0.59
2024-11-19,Social,5.24
2024-11-19,Affiliate,0.8
2024-11-19,Direct,0.0
2024-11-20,Paid Search,10.84
2024-11-20,Organic,0.0
2024-11-20,Email,0.38
2024-11-20,Social,4.14
2024-11-20,Affiliate,1.63
2024-11-20,Direct,0.0
2024-11-21,Paid Search,10.49
2024-11-21,Organic,0.0
2024-11-21,Email,0.59
2024-11-21,Social,5.32
2024-11-21,Affiliate,0.57
2024-11-21,Direct,0.0
2024-11-22,Paid Search,12.53
2024-11-22,Organic,0.0
2024-11-22,Email,0.5
2024-11-22,Social,4.26
2024-11-22,Affiliate,0.84
2024-11-22,Direct,0.0
2024-11-23,Paid Search,10.41
2024-11-23,Organic,0.0
2024-11-23,Email,0.91
2024-11-23,Social,6.84
2024-11-23,Affiliate,1.84
2024-11-23,Direct,0.0
2024-11-24,Paid Search,12.07
2024-11-24,Organic,0.0
2024-11-24,Email,0.68
2024-11-24,Social,5.69
2024-11-24,Affiliate,1.31
2024-11-24,Direct,0.0
2024-11-25,Paid Search,12.46
2024-11-25,Organic,0.0
2024-11-25,Email,0.58
2024-11-25,Social,5.36
2024-11-25,Affiliate,1.01
2024-11-25,Direct,0.0
2024-11-26,Paid Search,8.9
2024-11-26,Organic,0.0
2024-11-26,Email,0.6
2024-11-26,Social,4.13
2024-11-26,Affiliate,1.56
2024-11-26,Direct,0.0
2024-11-27,Paid Search,12.62
2024-11-27,Organic,0.0
2024-11-27,Email,0.52
2024-11-27,Social,6.21
2024-11-27,Affiliate,1.21
2024-11-27,Direct,0.0
2024-11-28,Paid Search,12.57
2024-11-28,Organic,0.0
2024-11-28,Email,0.47
2024-11-28,Social,5.4
2024-11-28,Affiliate,0.9
2024-11-28,Direct,0.0
2024-11-29,Paid Search,7.46
2024-11-29,Organic,0.0
2024-11-29,Email,0.65
2024-11-29,Social,6.21
2024-11-29,Affiliate,1.54
2024-11-29,Direct,0.0
2024-11-30,Paid Search,10.29
2024-11-30,Organic,0.0
2024-11-30,Email,0.7
2024-11-30,Social,5.63
2024-11-30,Affiliate,1.1
2024-11-30,Direct,0.0
2024-12-01,Paid Search,11.23
2024-12-01,Organic,0.0
2024-12-01,Email,0.76
2024-12-01,Social,6.46
2024-12-01,Affiliate,1.39
2024-12-01,Direct,0.0
2024-12-02,Paid Search,8.81
2024-12-02,Organic,0.0
2024-12-02,Email,0.46
2024-12-02,Social,6.18
2024-12-02,Affiliate,1.11
2024-12-02,Direct,0.0
2024-12-03,Paid Search,10.55
2024-12-03,Organic,0.0
2024-12-03,Email,0.63
2024-12-03,Social,4.99
2024-12-03,Affiliate,2.37
2024-12-03,Direct,0.0
2024-12-04,Paid Search,13.17
2024-12-04,Organic,0.0
2024-12-04,Email,0.34
2024-12-04,Social,4.95
2024-12-04,Affiliate,1.26
2024-12-04,Direct,0.0
2024-12-05,Paid Search,9.1
2024-12-05,Organic,0.0
2024-12-05,Email,0.53
2024-12-05,Social,5.44
2024-12-05,Affiliate,1.41
2024-12-05,Direct,0.0
2024-12-06,Paid Search,11.92
2024-12-06,Organic,0.0
2024-12-06,Email,0.8
2024-12-06,Social,4.67
2024-12-06,Affiliate,1.32
2024-12-06,Direct,0.0
2024-12-07,Paid Search,11.4
2024-12-07,Organic,0.0
2024-12-07,Email,0.42
2024-12-07,Social,6.07
2024-12-07,Affiliate,1.38
2024-12-07,Direct,0.0
2024-12-08,Paid Search,13.12
2024-12-08,Organic,0.0
2024-12-08,Email,0.62
2024-12-08,Social,5.02
2024-12-08,Affiliate,1.57
2024-12-08,Direct,0.0
2024-12-09,Paid Search,13.52
2024-12-09,Organic,0.0
2024-12-09,Email,0.76
2024-12-09,Social,6.89
2024-12-09,Affiliate,2.25
2024-12-09,Direct,0.0
2024-12-10,Paid Search,13.13
2024-12-10,Organic,0.0
2024-12-10,Email,0.5
2024-12-10,Social,6.33
2024-12-10,Affiliate,1.25
2024-12-10,Direct,0.0
2024-12-11,Paid Search,12.47
2024-12-11,Organic,0.0
2024-12-11,Email,0.54
2024-12-11,Social,4.93
2024-12-11,Affiliate,1.12
2024-12-11,Direct,0.0
2024-12-12,Paid Search,9.79
2024-12-12,Organic,0.0
2024-12-12,Email,0.56
2024-12-12,Social,4.66
2024-12-12,Affiliate,0.92
2024-12-12,Direct,0.0
2024-12-13,Paid Search,10.79
2024-12-13,Organic,0.0
2024-12-13,Email,0.6
2024-12-13,Social,4.44
2024-12-13,Affiliate,1.99
2024-12-13,Direct,0.0
2024-12-14,Paid Search,10.94
2024-12-14,Organic,0.0
2024-12-14,Email,0.54
2024-12-14,Social,8.31
2024-12-14,Affiliate,1.68
2024-12-14,Direct,0.0
2024-12-15,Paid Search,11.77
2024-12-15,Organic,0.0
2024-12-15,Email,0.51
2024-12-15,Social,6.18
2024-12-15,Affiliate,1.18
2024-12-15,Direct,0.0
2024-12-16,Paid Search,9.95
2024-12-16,Organic,0.0
2024-12-16,Email,0.7
2024-12-16,Social,4.19
2024-12-16,Affiliate,1.01
2024-12-16,Direct,0.0
2024-12-17,Paid Search,10.02
2024-12-17,Organic,0.0
2024-12-17,Email,0.73
2024-12-17,Social,5.18
2024-12-17,Affiliate,1.29
2024-12-17,Direct,0.0
2024-12-18,Paid Search,11.98
2024-12-18,Organic,0.0
2024-12-18,Email,0.46
2024-12-18,Social,5.2
2024-12-18,Affiliate,1.58
2024-12-18,Direct,0.0
2024-12-19,Paid Search,11.97
2024-12-19,Organic,0.0
2024-12-19,Email,0.61
2024-12-19,Social,6.19
2024-12-19,Affiliate,1.73
2024-12-19,Direct,0.0
2024-12-20,Paid Search,8.81
2024-12-20,Organic,0.0
2024-12-20,Email,0.83
2024-12-20,Social,5.75
2024-12-20,Affiliate,0.95
2024-12-20,Direct,0.0
2024-12-21,Paid Search,9.76
2024-12-21,Organic,0.0
2024-12-21,Email,0.72
2024-12-21,Social,6.69
2024-12-21,Affiliate,1.56
2024-12-21,Direct,0.0
2024-12-22,Paid Search,12.11
2024-12-22,Organic,0.0
2024-12-22,Email,0.56
2024-12-22,Social,6.59
2024-12-22,Affiliate,2.13
2024-12-22,Direct,0.0
2024-12-23,Paid Search,8.3
2024-12-23,Organic,0.0
2024-12-23,Email,0.59
2024-12-23,Social,5.7
2024-12-23,Affiliate,1.36
2024-12-23,Direct,0.0
2024-12-24,Paid Search,9.67
2024-12-24,Organic,0.0
2024-12-24,Email,0.65
2024-12-24,Social,4.53
2024-12-24,Affiliate,1.18
2024-12-24,Direct,0.0
2024-12-25,Paid Search,9.87
2024-12-25,Organic,0.0
2024-12-25,Email,0.43
2024-12-25,Social,4.06
2024-12-25,Affiliate,2.14
2024-12-25,Direct,0.0
2024-12-26,Paid Search,11.65
2024-12-26,Organic,0.0
2024-12-26,Email,0.55
2024-12-26,Social,4.14
2024-12-26,Affiliate,0.84
2024-12-26,Direct,0.0
2024-12-27,Paid Search,12.8
2024-12-27,Organic,0.0
2024-12-27,Email,0.55
2024-12-27,Social,4.92
2024-12-27,Affiliate,1.24
2024-12-27,Direct,0.0
2024-12-28,Paid Search,13.15
2024-12-28,Organic,0.0
2024-12-28,Email,0.6
2024-12-28,Social,7.5
2024-12-28,Affiliate,1.22
2024-12-28,Direct,0.0
2024-12-29,Paid Search,10.95
2024-12-29,Organic,0.0
2024-12-29,Email,0.76
2024-12-29,Social,6.18
2024-12-29,Affiliate,1.8
2024-12-29,Direct,0.0
2024-12-30,Paid Search,11.77
2024-12-30,Organic,0.0
2024-12-30,Email,0.71
2024-12-30,Social,5.01
2024-12-30,Affiliate,1.36
2024-12-30,Direct,0.0
2024-12-31,Paid Search,10.33
2024-12-31,Organic,0.0
2024-12-31,Email,0.68
2024-12-31,Social,5.92
2024-12-31,Affiliate,1.68
2024-12-31,Direct,0.0
2025-01-01,Paid Search,10.65
2025-01-01,Organic,0.0
2025-01-01,Email,0.62
2025-01-01,Social,4.54
2025-01-01,Affiliate,1.81
2025-01-01,Direct,0.0
2025-01-02,Paid Search,9.25
2025-01-02,Organic,0.0
2025-01-02,Email,0.87
2025-01-02,Social,6.6
2025-01-02,Affiliate,1.25
2025-01-02,Direct,0.0
2025-01-03,Paid Search,7.45
2025-01-03,Organic,0.0
2025-01-03,Email,0.65
2025-01-03,Social,6.3
2025-01-03,Affiliate,2.79
2025-01-03,Direct,0.0
2025-01-04,Paid Search,12.51
2025-01-04,Organic,0.0
2025-01-04,Email,0.42
2025-01-04,Social,5.75
2025-01-04,Affiliate,1.62
2025-01-04,Direct,0.0
2025-01-05,Paid Search,9.5
2025-01-05,Organic,0.0
2025-01-05,Email,0.57
2025-01-05,Social,6.12
2025-01-05,Affiliate,1.63
2025-01-05,Direct,0.0
2025-01-06,Paid Search,8.8
2025-01-06,Organic,0.0
2025-01-06,Email,0.78
2025-01-06,Social,6.28
2025-01-06,Affiliate,1.2
2025-01-06,Direct,0.0
2025-01-07,Paid Search,9.21
2025-01-07,Organic,0.0
2025-01-07,Email,0.54
2025-01-07,Social,5.77
2025-01-07,Affiliate,0.9
2025-01-07,Direct,0.0
2025-01-08,Paid Search,8.51
2025-01-08,Organic,0.0
2025-01-08,Email,0.51
2025-01-08,Social,4.41
2025-01-08,Affiliate,2.48
2025-01-08,Direct,0.0
2025-01-09,Paid Search,9.77
2025-01-09,Organic,0.0
2025-01-09,Email,0.69
2025-01-09,Social,3.67
2025-01-09,Affiliate,1.46
2025-01-09,Direct,0.0
2025-01-10,Paid Search,10.75
2025-01-10,Organic,0.0
2025-01-10,Email,0.56
2025-01-10,Social,6.06
2025-01-10,Affiliate,2.0
2025-01-10,Direct,0.0
2025-01-11,Paid Search,8.76
2025-01-11,Organic,0.0
2025-01-11,Email,0.58
2025-01-11,Social,6.56
2025-01-11,Affiliate,1.38
2025-01-11,Direct,0.0
2025-01-12,Paid Search,14.75
2025-01-12,Organic,0.0
2025-01-12,Email,0.75
2025-01-12,Social,8.96
2025-01-12,Affiliate,1.29
2025-01-12,Direct,0.0
2025-01-13,Paid Search,13.19
2025-01-13,Organic,0.0
2025-01-13,Email,0.52
2025-01-13,Social,6.82
2025-01-13,Affiliate,0.91
2025-01-13,Direct,0.0
2025-01-14,Paid Search,13.57
2025-01-14,Organic,0.0
2025-01-14,Email,0.81
2025-01-14,Social,4.06
2025-01-14,Affiliate,1.51
2025-01-14,Direct,0.0
2025-01-15,Paid Search,10.51
2025-01-15,Organic,0.0
2025-01-15,Email,0.6
2025-01-15,Social,3.77
2025-01-15,Affiliate,1.71
2025-01-15,Direct,0.0
2025-01-16,Paid Search,12.19
2025-01-16,Organic,0.0
2025-01-16,Email,0.45
2025-01-16,Social,5.02
2025-01-16,Affiliate,1.05
2025-01-16,Direct,0.0
2025-01-17,Paid Search,11.87
2025-01-17,Organic,0.0
2025-01-17,Email,0.84
2025-01-17,Social,6.77
2025-01-17,Affiliate,2.36
2025-01-17,Direct,0.0
2025-01-18,Paid Search,14.87
2025-01-18,Organic,0.0
2025-01-18,Email,0.64
2025-01-18,Social,5.41
2025-01-18,Affiliate,1.19
2025-01-18,Direct,0.0
2025-01-19,Paid Search,14.23
2025-01-19,Organic,0.0
2025-01-19,Email,0.38
2025-01-19,Social,6.13
2025-01-19,Affiliate,0.65
2025-01-19,Direct,0.0
2025-01-20,Paid Search,10.15
2025-01-20,Organic,0.0
2025-01-20,Email,0.28
2025-01-20,Social,7.52
2025-01-20,Affiliate,2.66
2025-01-20,Direct,0.0
2025-01-21,Paid Search,10.36
2025-01-21,Organic,0.0
2025-01-21,Email,0.66
2025-01-21,Social,6.82
2025-01-21,Affiliate,1.73
2025-01-21,Direct,0.0
2025-01-22,Paid Search,8.37
2025-01-22,Organic,0.0
2025-01-22,Email,0.34
2025-01-22,Social,5.5
2025-01-22,Affiliate,1.84
2025-01-22,Direct,0.0
2025-01-23,Paid Search,11.96
2025-01-23,Organic,0.0
2025-01-23,Email,0.36
2025-01-23,Social,4.92
2025-01-23,Affiliate,1.56
2025-01-23,Direct,0.0
2025-01-24,Paid Search,7.46
2025-01-24,Organic,0.0
2025-01-24,Email,0.81
2025-01-24,Social,4.44
2025-01-24,Affiliate,2.4
2025-01-24,Direct,0.0
2025-01-25,Paid Search,10.61
2025-01-25,Organic,0.0
2025-01-25,Email,0.68
2025-01-25,Social,6.4
2025-01-25,Affiliate,0.93
2025-01-25,Direct,0.0
2025-01-26,Paid Search,11.99
2025-01-26,Organic,0.0
2025-01-26,Email,0.68
2025-01-26,Social,6.4
2025-01-26,Affiliate,1.4
2025-01-26,Direct,0.0
2025-01-27,Paid Search,9.0
2025-01-27,Organic,0.0
2025-01-27,Email,0.56
2025-01-27,Social,7.5
2025-01-27,Affiliate,0.95
2025-01-27,Direct,0.0
2025-01-28,Paid Search,9.01
2025-01-28,Organic,0.0
2025-01-28,Email,0.87
2025-01-28,Social,5.07
2025-01-28,Affiliate,1.1
2025-01-28,Direct,0.0
2025-01-29,Paid Search,10.12
2025-01-29,Organic,0.0
2025-01-29,Email,0.66
2025-01-29,Social,6.43
2025-01-29,Affiliate,0.99
2025-01-29,Direct,0.0
2025-01-30,Paid Search,11.1
2025-01-30,Organic,0.0
2025-01-30,Email,0.56
2025-01-30,Social,5.99
2025-01-30,Affiliate,0.9
2025-01-30,Direct,0.0
2025-01-31,Paid Search,9.2
2025-01-31,Organic,0.0
2025-01-31,Email,0.92
2025-01-31,Social,6.56
2025-01-31,Affiliate,1.16
2025-01-31,Direct,0.0
2025-02-01,Paid Search,9.14
2025-02-01,Organic,0.0
2025-02-01,Email,0.59
2025-02-01,Social,8.75
2025-02-01,Affiliate,1.4
2025-02-01,Direct,0.0
2025-02-02,Paid Search,12.53
2025-02-02,Organic,0.0
2025-02-02,Email,0.82
2025-02-02,Social,4.72
2025-02-02,Affiliate,1.55
2025-02-02,Direct,0.0
2025-02-03,Paid Search,11.91
2025-02-03,Organic,0.0
2025-02-03,Email,0.46
2025-02-03,Social,5.36
2025-02-03,Affiliate,2.02
2025-02-03,Direct,0.0
2025-02-04,Paid Search,11.9
2025-02-04,Organic,0.0
2025-02-04,Email,0.72
2025-02-04,Social,6.92
2025-02-04,Affiliate,0.62
2025-02-04,Direct,0.0
2025-02-05,Paid Search,9.31
2025-02-05,Organic,0.0
2025-02-05,Email,0.59
2025-02-05,Social,5.23
2025-02-05,Affiliate,0.28
2025-02-05,Direct,0.0
2025-02-06,Paid Search,11.95
2025-02-06,Organic,0.0
2025-02-06,Email,0.65
2025-02-06,Social,5.44
2025-02-06,Affiliate,1.02
2025-02-06,Direct,0.0
2025-02-07,Paid Search,13.61
2025-02-07,Organic,0.0
2025-02-07,Email,0.56
2025-02-07,Social,6.74
2025-02-07,Affiliate,1.55
2025-02-07,Direct,0.0
2025-02-08,Paid Search,11.81
2025-02-08,Organic,0.0
2025-02-08,Email,0.62
2025-02-08,Social,9.63
2025-02-08,Affiliate,0.78
2025-02-08,Direct,0.0
2025-02-09,Paid Search,13.43
2025-02-09,Organic,0.0
2025-02-09,Email,0.44
2025-02-09,Social,6.0
2025-02-09,Affiliate,2.48
2025-02-09,Direct,0.0
2025-02-10,Paid Search,12.42
2025-02-10,Organic,0.0
2025-02-10,Email,0.46
2025-02-10,Social,6.6
2025-02-10,Affiliate,2.01
2025-02-10,Direct,0.0
2025-02-11,Paid Search,9.41
2025-02-11,Organic,0.0
2025-02-11,Email,0.91
2025-02-11,Social,6.6
2025-02-11,Affiliate,1.49
2025-02-11,Direct,0.0
2025-02-12,Paid Search,12.19
2025-02-12,Organic,0.0
2025-02-12,Email,0.7
2025-02-12,Social,6.42
2025-02-12,Affiliate,0.72
2025-02-12,Direct,0.0
2025-02-13,Paid Search,9.99
2025-02-13,Organic,0.0
2025-02-13,Email,0.32
2025-02-13,Social,7.3
2025-02-13,Affiliate,1.76
2025-02-13,Direct,0.0
2025-02-14,Paid Search,9.13
2025-02-14,Organic,0.0
2025-02-14,Email,0.78
2025-02-14,Social,5.14
2025-02-14,Affiliate,1.55
2025-02-14,Direct,0.0
2025-02-15,Paid Search,12.58
2025-02-15,Organic,0.0
2025-02-15,Email,0.89
2025-02-15,Social,6.46
2025-02-15,Affiliate,1.43
2025-02-15,Direct,0.0
2025-02-16,Paid Search,12.29
2025-02-16,Organic,0.0
2025-02-16,Email,0.51
2025-02-16,Social,5.35
2025-02-16,Affiliate,2.05
2025-02-16,Direct,0.0
2025-02-17,Paid Search,9.03
2025-02-17,Organic,0.0
2025-02-17,Email,0.69
2025-02-17,Social,5.42
2025-02-17,Affiliate,2.2
2025-02-17,Direct,0.0
2025-02-18,Paid Search,12.45
2025-02-18,Organic,0.0
2025-02-18,Email,0.62
2025-02-18,Social,5.21
2025-02-18,Affiliate,2.23
2025-02-18,Direct,0.0
2025-02-19,Paid Search,11.99
2025-02-19,Organic,0.0
2025-02-19,Email,0.81
2025-02-19,Social,6.71
2025-02-19,Affiliate,1.0
2025-02-19,Direct,0.0
2025-02-20,Paid Search,8.83
2025-02-20,Organic,0.0
2025-02-20,Email,0.54
2025-02-20,Social,7.52
2025-02-20,Affiliate,1.57
2025-02-20,Direct,0.0
2025-02-21,Paid Search,12.03
2025-02-21,Organic,0.0
2025-02-21,Email,0.42
2025-02-21,Social,6.01
2025-02-21,Affiliate,1.59
2025-02-21,Direct,0.0
2025-02-22,Paid Search,11.32
2025-02-22,Organic,0.0
2025-02-22,Email,0.59
2025-02-22,Social,5.88
2025-02-22,Affiliate,2.13
2025-02-22,Direct,0.0
2025-02-23,Paid Search,10.87
2025-02-23,Organic,0.0
2025-02-23,Email,0.54
2025-02-23,Social,5.51
2025-02-23,Affiliate,0.88
2025-02-23,Direct,0.0
2025-02-24,Paid Search,14.46
2025-02-24,Organic,0.0
2025-02-24,Email,0.67
2025-02-24,Social,6.17
2025-02-24,Affiliate,1.68
2025-02-24,Direct,0.0
2025-02-25,Paid Search,13.39
2025-02-25,Organic,0.0
2025-02-25,Email,0.88
2025-02-25,Social,5.83
2025-02-25,Affiliate,1.95
2025-02-25,Direct,0.0
2025-02-26,Paid Search,13.04
2025-02-26,Organic,0.0
2025-02-26,Email,0.45
2025-02-26,Social,5.48
2025-02-26,Affiliate,1.62
2025-02-26,Direct,0.0
2025-02-27,Paid Search,8.51
2025-02-27,Organic,0.0
2025-02-27,Email,0.34
2025-02-27,Social,6.3
2025-02-27,Affiliate,2.17
2025-02-27,Direct,0.0
2025-02-28,Paid Search,11.12
2025-02-28,Organic,0.0
2025-02-28,Email,0.52
2025-02-28,Social,5.65
2025-02-28,Affiliate,2.5
2025-02-28,Direct,0.0
2025-03-01,Paid Search,8.9
2025-03-01,Organic,0.0
2025-03-01,Email,0.38
2025-03-01,Social,8.33
2025-03-01,Affiliate,1.87
2025-03-01,Direct,0.0
2025-03-02,Paid Search,9.72
2025-03-02,Organic,0.0
2025-03-02,Email,0.87
2025-03-02,Social,8.49
2025-03-02,Affiliate,1.89
2025-03-02,Direct,0.0
2025-03-03,Paid Search,12.19
2025-03-03,Organic,0.0
2025-03-03,Email,0.52
2025-03-03,Social,5.1
2025-03-03,Affiliate,1.91
2025-03-03,Direct,0.0
2025-03-04,Paid Search,9.32
2025-03-04,Organic,0.0
2025-03-04,Email,0.51
2025-03-04,Social,6.02
2025-03-04,Affiliate,1.2
2025-03-04,Direct,0.0
2025-03-05,Paid Search,8.02
2025-03-05,Organic,0.0
2025-03-05,Email,0.48
2025-03-05,Social,8.82
2025-03-05,Affiliate,0.98
2025-03-05,Direct,0.0
2025-03-06,Paid Search,12.16
2025-03-06,Organic,0.0
2025-03-06,Email,0.46
2025-03-06,Social,3.76
2025-03-06,Affiliate,2.04
2025-03-06,Direct,0.0
2025-03-07,Paid Search,8.76
2025-03-07,Organic,0.0
2025-03-07,Email,0.59
2025-03-07,Social,3.89
2025-03-07,Affiliate,0.63
2025-03-07,Direct,0.0
2025-03-08,Paid Search,11.8
2025-03-08,Organic,0.0
2025-03-08,Email,0.59
2025-03-08,Social,5.38
2025-03-08,Affiliate,1.39
2025-03-08,Direct,0.0
2025-03-09,Paid Search,9.64
2025-03-09,Organic,0.0
2025-03-09,Email,0.62
2025-03-09,Social,6.75
2025-03-09,Affiliate,2.75
2025-03-09,Direct,0.0
2025-03-10,Paid Search,9.86
2025-03-10,Organic,0.0
2025-03-10,Email,0.42
2025-03-10,Social,5.16
2025-03-10,Affiliate,1.12
2025-03-10,Direct,0.0
2025-03-11,Paid Search,13.46
2025-03-11,Organic,0.0
2025-03-11,Email,0.72
2025-03-11,Social,7.39
2025-03-11,Affiliate,2.1
2025-03-11,Direct,0.0
2025-03-12,Paid Search,9.15
2025-03-12,Organic,0.0
2025-03-12,Email,0.53
2025-03-12,Social,6.18
2025-03-12,Affiliate,1.9
2025-03-12,Direct,0.0
2025-03-13,Paid Search,10.93
2025-03-13,Organic,0.0
2025-03-13,Email,0.62
2025-03-13,Social,7.12
2025-03-13,Affiliate,2.27
2025-03-13,Direct,0.0
2025-03-14,Paid Search,11.45
2025-03-14,Organic,0.0
2025-03-14,Email,0.61
2025-03-14,Social,5.1
2025-03-14,Affiliate,1.54
2025-03-14,Direct,0.0
2025-03-15,Paid Search,12.79
2025-03-15,Organic,0.0
2025-03-15,Email,0.7
2025-03-15,Social,6.74
2025-03-15,Affiliate,1.49
2025-03-15,Direct,0.0
2025-03-16,Paid Search,11.5
2025-03-16,Organic,0.0
2025-03-16,Email,0.39
2025-03-16,Social,7.01
2025-03-16,Affiliate,1.3
2025-03-16,Direct,0.0
2025-03-17,Paid Search,9.57
2025-03-17,Organic,0.0
2025-03-17,Email,0.38
2025-03-17,Social,5.79
2025-03-17,Affiliate,2.12
2025-03-17,Direct,0.0
2025-03-18,Paid Search,12.67
2025-03-18,Organic,0.0
2025-03-18,Email,0.81
2025-03-18,Social,6.81
2025-03-18,Affiliate,2.11
2025-03-18,Direct,0.0
2025-03-19,Paid Search,12.45
2025-03-19,Organic,0.0
2025-03-19,Email,0.5
2025-03-19,Social,7.46
2025-03-19,Affiliate,1.62
2025-03-19,Direct,0.0
2025-03-20,Paid Search,12.29
2025-03-20,Organic,0.0
2025-03-20,Email,0.57
2025-03-20,Social,7.74
2025-03-20,Affiliate,1.46
2025-03-20,Direct,0.0
2025-03-21,Paid Search,13.29
2025-03-21,Organic,0.0
2025-03-21,Email,0.84
2025-03-21,Social,6.08
2025-03-21,Affiliate,2.16
2025-03-21,Direct,0.0
2025-03-22,Paid Search,11.18
2025-03-22,Organic,0.0
2025-03-22,Email,0.5
2025-03-22,Social,6.21
2025-03-22,Affiliate,3.04
2025-03-22,Direct,0.0
2025-03-23,Paid Search,13.37
2025-03-23,Organic,0.0
2025-03-23,Email,0.49
2025-03-23,Social,7.28
2025-03-23,Affiliate,1.74
2025-03-23,Direct,0.0
2025-03-24,Paid Search,11.13
2025-03-24,Organic,0.0
2025-03-24,Email,0.59
2025-03-24,Social,9.44
2025-03-24,Affiliate,1.04
2025-03-24,Direct,0.0
2025-03-25,Paid Search,10.87
2025-03-25,Organic,0.0
2025-03-25,Email,0.46
2025-03-25,Social,6.22
2025-03-25,Affiliate,2.52
2025-03-25,Direct,0.0
2025-03-26,Paid Search,12.95
2025-03-26,Organic,0.0
2025-03-26,Email,0.51
2025-03-26,Social,7.9
2025-03-26,Affiliate,2.02
2025-03-26,Direct,0.0
2025-03-27,Paid Search,9.0
2025-03-27,Organic,0.0
2025-03-27,Email,0.5
2025-03-27,Social,4.21
2025-03-27,Affiliate,0.58
2025-03-27,Direct,0.0
2025-03-28,Paid Search,11.59
2025-03-28,Organic,0.0
2025-03-28,Email,0.7
2025-03-28,Social,5.88
2025-03-28,Affiliate,1.05
2025-03-28,Direct,0.0
2025-03-29,Paid Search,9.46
2025-03-29,Organic,0.0
2025-03-29,Email,0.78
2025-03-29,Social,7.89
2025-03-29,Affiliate,2.15
2025-03-29,Direct,0.0
2025-03-30,Paid Search,9.69
2025-03-30,Organic,0.0
2025-03-30,Email,0.41
2025-03-30,Social,7.48
2025-03-30,Affiliate,2.45
2025-03-30,Direct,0.0
2025-03-31,Paid Search,14.67
2025-03-31,Organic,0.0
2025-03-31,Email,0.53
2025-03-31,Social,4.09
2025-03-31,Affiliate,1.16
2025-03-31,Direct,0.0
2025-04-01,Paid Search,13.98
2025-04-01,Organic,0.0
2025-04-01,Email,0.93
2025-04-01,Social,5.24
2025-04-01,Affiliate,2.05
2025-04-01,Direct,0.0
2025-04-02,Paid Search,8.93
2025-04-02,Organic,0.0
2025-04-02,Email,0.62
2025-04-02,Social,5.51
2025-04-02,Affiliate,1.19
2025-04-02,Direct,0.0
2025-04-03,Paid Search,12.64
2025-04-03,Organic,0.0
2025-04-03,Email,0.44
2025-04-03,Social,4.8
2025-04-03,Affiliate,1.36
2025-04-03,Direct,0.0
2025-04-04,Paid Search,11.45
2025-04-04,Organic,0.0
2025-04-04,Email,0.62
2025-04-04,Social,5.93
2025-04-04,Affiliate,2.98
2025-04-04,Direct,0.0
2025-04-05,Paid Search,13.21
2025-04-05,Organic,0.0
2025-04-05,Email,0.34
2025-04-05,Social,6.66
2025-04-05,Affiliate,2.06
2025-04-05,Direct,0.0
2025-04-06,Paid Search,10.3
2025-04-06,Organic,0.0
2025-04-06,Email,0.69
2025-04-06,Social,8.47
2025-04-06,Affiliate,1.8
2025-04-06,Direct,0.0
2025-04-07,Paid Search,13.37
2025-04-07,Organic,0.0
2025-04-07,Email,0.46
2025-04-07,Social,5.94
2025-04-07,Affiliate,1.63
2025-04-07,Direct,0.0
2025-04-08,Paid Search,9.47
2025-04-08,Organic,0.0
2025-04-08,Email,0.9
2025-04-08,Social,5.85
2025-04-08,Affiliate,1.78
2025-04-08,Direct,0.0
2025-04-09,Paid Search,11.3
2025-04-09,Organic,0.0
2025-04-09,Email,0.51
2025-04-09,Social,5.15
2025-04-09,Affiliate,1.26
2025-04-09,Direct,0.0
2025-04-10,Paid Search,11.13
2025-04-10,Organic,0.0
2025-04-10,Email,0.54
2025-04-10,Social,3.73
2025-04-10,Affiliate,3.23
2025-04-10,Direct,0.0
2025-04-11,Paid Search,10.27
2025-04-11,Organic,0.0
2025-04-11,Email,0.85
2025-04-11,Social,5.17
2025-04-11,Affiliate,0.72
2025-04-11,Direct,0.0
2025-04-12,Paid Search,15.32
2025-04-12,Organic,0.0
2025-04-12,Email,0.5
2025-04-12,Social,4.72
2025-04-12,Affiliate,1.58
2025-04-12,Direct,0.0
2025-04-13,Paid Search,11.16
2025-04-13,Organic,0.0
2025-04-13,Email,0.6
2025-04-13,Social,8.31
2025-04-13,Affiliate,1.6
2025-04-13,Direct,0.0
2025-04-14,Paid Search,14.4
2025-04-14,Organic,0.0
2025-04-14,Email,0.34
2025-04-14,Social,7.12
2025-04-14,Affiliate,1.47
2025-04-14,Direct,0.0
2025-04-15,Paid Search,8.29
2025-04-15,Organic,0.0
2025-04-15,Email,0.81
2025-04-15,Social,5.84
2025-04-15,Affiliate,1.34
2025-04-15,Direct,0.0
2025-04-16,Paid Search,13.76
2025-04-16,Organic,0.0
2025-04-16,Email,0.39
2025-04-16,Social,5.82
2025-04-16,Affiliate,1.12
2025-04-16,Direct,0.0
2025-04-17,Paid Search,12.21
2025-04-17,Organic,0.0
2025-04-17,Email,0.69
2025-04-17,Social,5.97
2025-04-17,Affiliate,1.27
2025-04-17,Direct,0.0
2025-04-18,Paid Search,14.42
2025-04-18,Organic,0.0
2025-04-18,Email,0.66
2025-04-18,Social,8.3
2025-04-18,Affiliate,1.75
2025-04-18,Direct,0.0
2025-04-19,Paid Search,10.26
2025-04-19,Organic,0.0
2025-04-19,Email,0.37
2025-04-19,Social,9.13
2025-04-19,Affiliate,1.68
2025-04-19,Direct,0.0
2025-04-20,Paid Search,12.55
2025-04-20,Organic,0.0
2025-04-20,Email,0.74
2025-04-20,Social,8.86
2025-04-20,Affiliate,2.74
2025-04-20,Direct,0.0
2025-04-21,Paid Search,14.24
2025-04-21,Organic,0.0
2025-04-21,Email,0.47
2025-04-21,Social,5.77
2025-04-21,Affiliate,2.47
2025-04-21,Direct,0.0
2025-04-22,Paid Search,11.11
2025-04-22,Organic,0.0
2025-04-22,Email,0.44
2025-04-22,Social,5.74
2025-04-22,Affiliate,2.46
2025-04-22,Direct,0.0
2025-04-23,Paid Search,8.91
2025-04-23,Organic,0.0
2025-04-23,Email,0.72
2025-04-23,Social,6.18
2025-04-23,Affiliate,1.97
2025-04-23,Direct,0.0
2025-04-24,Paid Search,13.82
2025-04-24,Organic,0.0
2025-04-24,Email,0.38
2025-04-24,Social,6.18
2025-04-24,Affiliate,1.18
2025-04-24,Direct,0.0
2025-04-25,Paid Search,12.83
2025-04-25,Organic,0.0
2025-04-25,Email,0.4
2025-04-25,Social,4.91
2025-04-25,Affiliate,1.11
2025-04-25,Direct,0.0
2025-04-26,Paid Search,13.32
2025-04-26,Organic,0.0
2025-04-26,Email,0.42
2025-04-26,Social,6.19
2025-04-26,Affiliate,1.1
2025-04-26,Direct,0.0
2025-04-27,Paid Search,12.06
2025-04-27,Organic,0.0
2025-04-27,Email,0.99
2025-04-27,Social,6.22
2025-04-27,Affiliate,0.92
2025-04-27,Direct,0.0
2025-04-28,Paid Search,10.71
2025-04-28,Organic,0.0
2025-04-28,Email,0.47
2025-04-28,Social,6.11
2025-04-28,Affiliate,1.22
2025-04-28,Direct,0.0
2025-04-29,Paid Search,11.19
2025-04-29,Organic,0.0
2025-04-29,Email,0.6
2025-04-29,Social,6.15
2025-04-29,Affiliate,1.05
2025-04-29,Direct,0.0
2025-04-30,Paid Search,10.15
2025-04-30,Organic,0.0
2025-04-30,Email,0.56
2025-04-30,Social,5.56
2025-04-30,Affiliate,2.31
2025-04-30,Direct,0.0
2025-05-01,Paid Search,15.89
2025-05-01,Organic,0.0
2025-05-01,Email,0.26
2025-05-01,Social,4.73
2025-05-01,Affiliate,0.86
2025-05-01,Direct,0.0
2025-05-02,Paid Search,12.03
2025-05-02,Organic,0.0
2025-05-02,Email,0.76
2025-05-02,Social,3.97
2025-05-02,Affiliate,0.88
2025-05-02,Direct,0.0
2025-05-03,Paid Search,9.99
2025-05-03,Organic,0.0
2025-05-03,Email,0.81
2025-05-03,Social,6.23
2025-05-03,Affiliate,1.36
2025-05-03,Direct,0.0
2025-05-04,Paid Search,8.25
2025-05-04,Organic,0.0
2025-05-04,Email,0.32
2025-05-04,Social,6.2
2025-05-04,Affiliate,2.28
2025-05-04,Direct,0.0
2025-05-05,Paid Search,8.87
2025-05-05,Organic,0.0
2025-05-05,Email,0.44
2025-05-05,Social,4.82
2025-05-05,Affiliate,2.57
2025-05-05,Direct,0.0
2025-05-06,Paid Search,15.09
2025-05-06,Organic,0.0
2025-05-06,Email,0.83
2025-05-06,Social,5.08
2025-05-06,Affiliate,1.15
2025-05-06,Direct,0.0
2025-05-07,Paid Search,10.96
2025-05-07,Organic,0.0
2025-05-07,Email,0.68
2025-05-07,Social,6.16
2025-05-07,Affiliate,1.78
2025-05-07,Direct,0.0
2025-05-08,Paid Search,11.12
2025-05-08,Organic,0.0
2025-05-08,Email,0.53
2025-05-08,Social,5.88
2025-05-08,Affiliate,0.95
2025-05-08,Direct,0.0
2025-05-09,Paid Search,9.1
2025-05-09,Organic,0.0
2025-05-09,Email,0.53
2025-05-09,Social,6.73
2025-05-09,Affiliate,1.96
2025-05-09,Direct,0.0
2025-05-10,Paid Search,13.47
2025-05-10,Organic,0.0
2025-05-10,Email,0.41
2025-05-10,Social,6.45
2025-05-10,Affiliate,1.86
2025-05-10,Direct,0.0
2025-05-11,Paid Search,11.7
2025-05-11,Organic,0.0
2025-05-11,Email,0.64
2025-05-11,Social,7.79
2025-05-11,Affiliate,1.83
2025-05-11,Direct,0.0
2025-05-12,Paid Search,11.04
2025-05-12,Organic,0.0
2025-05-12,Email,0.46
2025-05-12,Social,6.65
2025-05-12,Affiliate,1.6
2025-05-12,Direct,0.0
2025-05-13,Paid Search,9.08
2025-05-13,Organic,0.0
2025-05-13,Email,0.88
2025-05-13,Social,5.59
2025-05-13,Affiliate,1.7
2025-05-13,Direct,0.0
2025-05-14,Paid Search,12.11
2025-05-14,Organic,0.0
2025-05-14,Email,0.46
2025-05-14,Social,4.91
2025-05-14,Affiliate,1.62
2025-05-14,Direct,0.0
2025-05-15,Paid Search,9.6
2025-05-15,Organic,0.0
2025-05-15,Email,0.62
2025-05-15,Social,8.27
2025-05-15,Affiliate,1.73
2025-05-15,Direct,0.0
2025-05-16,Paid Search,11.37
2025-05-16,Organic,0.0
2025-05-16,Email,0.62
2025-05-16,Social,5.61
2025-05-16,Affiliate,2.35
2025-05-16,Direct,0.0
2025-05-17,Paid Search,9.45
2025-05-17,Organic,0.0
2025-05-17,Email,0.52
2025-05-17,Social,7.25
2025-05-17,Affiliate,1.93
2025-05-17,Direct,0.0
2025-05-18,Paid Search,14.63
2025-05-18,Organic,0.0
2025-05-18,Email,0.48
2025-05-18,Social,5.93
2025-05-18,Affiliate,2.85
2025-05-18,Direct,0.0
2025-05-19,Paid Search,10.88
2025-05-19,Organic,0.0
2025-05-19,Email,0.38
2025-05-19,Social,6.24
2025-05-19,Affiliate,1.38
2025-05-19,Direct,0.0
2025-05-20,Paid Search,12.32
2025-05-20,Organic,0.0
2025-05-20,Email,0.68
2025-05-20,Social,4.67
2025-05-20,Affiliate,1.79
2025-05-20,Direct,0.0
2025-05-21,Paid Search,12.44
2025-05-21,Organic,0.0
2025-05-21,Email,0.55
2025-05-21,Social,4.65
2025-05-21,Affiliate,3.31
2025-05-21,Direct,0.0
2025-05-22,Paid Search,14.35
2025-05-22,Organic,0.0
2025-05-22,Email,0.68
2025-05-22,Social,5.82
2025-05-22,Affiliate,1.33
2025-05-22,Direct,0.0
2025-05-23,Paid Search,8.41
2025-05-23,Organic,0.0
2025-05-23,Email,0.63
2025-05-23,Social,5.27
2025-05-23,Affiliate,1.34
2025-05-23,Direct,0.0
2025-05-24,Paid Search,11.29
2025-05-24,Organic,0.0
2025-05-24,Email,0.47
2025-05-24,Social,8.82
2025-05-24,Affiliate,0.78
2025-05-24,Direct,0.0
2025-05-25,Paid Search,15.51
2025-05-25,Organic,0.0
2025-05-25,Email,0.44
2025-05-25,Social,9.54
2025-05-25,Affiliate,2.1
2025-05-25,Direct,0.0
2025-05-26,Paid Search,13.43
2025-05-26,Organic,0.0
2025-05-26,Email,0.57
2025-05-26,Social,4.87
2025-05-26,Affiliate,2.78
2025-05-26,Direct,0.0
2025-05-27,Paid Search,10.8
2025-05-27,Organic,0.0
2025-05-27,Email,0.47
2025-05-27,Social,6.73
2025-05-27,Affiliate,0.96
2025-05-27,Direct,0.0
2025-05-28,Paid Search,10.21
2025-05-28,Organic,0.0
2025-05-28,Email,0.43
2025-05-28,Social,6.35
2025-05-28,Affiliate,1.4
2025-05-28,Direct,0.0
2025-05-29,Paid Search,11.55
2025-05-29,Organic,0.0
2025-05-29,Email,0.36
2025-05-29,Social,7.41
2025-05-29,Affiliate,1.92
2025-05-29,Direct,0.0
2025-05-30,Paid Search,9.01
2025-05-30,Organic,0.0
2025-05-30,Email,0.54
2025-05-30,Social,6.19
2025-05-30,Affiliate,2.18
2025-05-30,Direct,0.0
2025-05-31,Paid Search,11.73
2025-05-31,Organic,0.0
2025-05-31,Email,0.57
2025-05-31,Social,6.72
2025-05-31,Affiliate,1.15
2025-05-31,Direct,0.0
2025-06-01,Paid Search,13.35
2025-06-01,Organic,0.0
2025-06-01,Email,0.85
2025-06-01,Social,6.96
2025-06-01,Affiliate,1.5
2025-06-01,Direct,0.0
2025-06-02,Paid Search,11.57
2025-06-02,Organic,0.0
2025-06-02,Email,0.63
2025-06-02,Social,5.29
2025-06-02,Affiliate,1.81
2025-06-02,Direct,0.0
2025-06-03,Paid Search,10.09
2025-06-03,Organic,0.0
2025-06-03,Email,0.85
2025-06-03,Social,5.64
2025-06-03,Affiliate,0.98
2025-06-03,Direct,0.0
2025-06-04,Paid Search,9.9
2025-06-04,Organic,0.0
2025-06-04,Email,0.81
2025-06-04,Social,6.34
2025-06-04,Affiliate,2.12
2025-06-04,Direct,0.0
2025-06-05,Paid Search,13.96
2025-06-05,Organic,0.0
2025-06-05,Email,0.45
2025-06-05,Social,5.94
2025-06-05,Affiliate,2.06
2025-06-05,Direct,0.0
2025-06-06,Paid Search,10.88
2025-06-06,Organic,0.0
2025-06-06,Email,0.48
2025-06-06,Social,4.62
2025-06-06,Affiliate,1.35
2025-06-06,Direct,0.0
2025-06-07,Paid Search,14.14
2025-06-07,Organic,0.0
2025-06-07,Email,0.31
2025-06-07,Social,8.12
2025-06-07,Affiliate,1.46
2025-06-07,Direct,0.0
2025-06-08,Paid Search,14.58
2025-06-08,Organic,0.0
2025-06-08,Email,0.58
2025-06-08,Social,6.75
2025-06-08,Affiliate,2.06
2025-06-08,Direct,0.0
2025-06-09,Paid Search,12.7
2025-06-09,Organic,0.0
2025-06-09,Email,0.37
2025-06-09,Social,6.12
2025-06-09,Affiliate,2.34
2025-06-09,Direct,0.0
2025-06-10,Paid Search,15.12
2025-06-10,Organic,0.0
2025-06-10,Email,0.76
2025-06-10,Social,5.53
2025-06-10,Affiliate,1.94
2025-06-10,Direct,0.0
2025-06-11,Paid Search,11.51
2025-06-11,Organic,0.0
2025-06-11,Email,0.53
2025-06-11,Social,5.19
2025-06-11,Affiliate,2.25
2025-06-11,Direct,0.0
2025-06-12,Paid Search,8.67
2025-06-12,Organic,0.0
2025-06-12,Email,0.53
2025-06-12,Social,5.36
2025-06-12,Affiliate,1.9
2025-06-12,Direct,0.0
2025-06-13,Paid Search,9.07
2025-06-13,Organic,0.0
2025-06-13,Email,0.65
2025-06-13,Social,5.48
2025-06-13,Affiliate,1.6
2025-06-13,Direct,0.0
2025-06-14,Paid Search,10.01
2025-06-14,Organic,0.0
2025-06-14,Email,0.65
2025-06-14,Social,8.41
2025-06-14,Affiliate,3.04
2025-06-14,Direct,0.0
2025-06-15,Paid Search,10.02
2025-06-15,Organic,0.0
2025-06-15,Email,0.77
2025-06-15,Social,8.96
2025-06-15,Affiliate,1.14
2025-06-15,Direct,0.0
2025-06-16,Paid Search,13.12
2025-06-16,Organic,0.0
2025-06-16,Email,0.75
2025-06-16,Social,5.59
2025-06-16,Affiliate,1.85
2025-06-16,Direct,0.0
2025-06-17,Paid Search,13.74
2025-06-17,Organic,0.0
2025-06-17,Email,0.76
2025-06-17,Social,5.09
2025-06-17,Affiliate,2.09
2025-06-17,Direct,0.0
2025-06-18,Paid Search,14.97
2025-06-18,Organic,0.0
2025-06-18,Email,0.63
2025-06-18,Social,5.53
2025-06-18,Affiliate,1.73
2025-06-18,Direct,0.0
2025-06-19,Paid Search,12.37
2025-06-19,Organic,0.0
2025-06-19,Email,0.7
2025-06-19,Social,4.03
2025-06-19,Affiliate,1.32
2025-06-19,Direct,0.0
2025-06-20,Paid Search,11.94
2025-06-20,Organic,0.0
2025-06-20,Email,0.93
2025-06-20,Social,6.39
2025-06-20,Affiliate,2.17
2025-06-20,Direct,0.0
2025-06-21,Paid Search,14.39
2025-06-21,Organic,0.0
2025-06-21,Email,0.95
2025-06-21,Social,7.39
2025-06-21,Affiliate,1.09
2025-06-21,Direct,0.0
2025-06-22,Paid Search,13.25
2025-06-22,Organic,0.0
2025-06-22,Email,0.63
2025-06-22,Social,7.0
2025-06-22,Affiliate,1.15
2025-06-22,Direct,0.0
2025-06-23,Paid Search,10.03
2025-06-23,Organic,0.0
2025-06-23,Email,0.57
2025-06-23,Social,5.05
2025-06-23,Affiliate,1.03
2025-06-23,Direct,0.0
2025-06-24,Paid Search,10.25
2025-06-24,Organic,0.0
2025-06-24,Email,0.6
2025-06-24,Social,5.25
2025-06-24,Affiliate,1.25
2025-06-24,Direct,0.0
2025-06-25,Paid Search,8.78
2025-06-25,Organic,0.0
2025-06-25,Email,0.48
2025-06-25,Social,5.76
2025-06-25,Affiliate,1.14
2025-06-25,Direct,0.0
2025-06-26,Paid Search,13.19
2025-06-26,Organic,0.0
2025-06-26,Email,0.52
2025-06-26,Social,7.86
2025-06-26,Affiliate,1.64
2025-06-26,Direct,0.0
2025-06-27,Paid Search,12.31
2025-06-27,Organic,0.0
2025-06-27,Email,0.55
2025-06-27,Social,6.76
2025-06-27,Affiliate,1.27
2025-06-27,Direct,0.0
2025-06-28,Paid Search,11.27
2025-06-28,Organic,0.0
2025-06-28,Email,0.82
2025-06-28,Social,6.43
2025-06-28,Affiliate,2.5
2025-06-28,Direct,0.0
2025-06-29,Paid Search,13.83
2025-06-29,Organic,0.0
2025-06-29,Email,0.54
2025-06-29,Social,7.71
2025-06-29,Affiliate,0.66
2025-06-29,Direct,0.0
2025-06-30,Paid Search,11.78
2025-06-30,Organic,0.0
2025-06-30,Email,0.52
2025-06-30,Social,6.85
2025-06-30,Affiliate,1.74
2025-06-30,Direct,0.0
2025-07-01,Paid Search,9.63
2025-07-01,Organic,0.0
2025-07-01,Email,0.76
2025-07-01,Social,7.09
2025-07-01,Affiliate,1.59
2025-07-01,Direct,0.0
2025-07-02,Paid Search,11.79
2025-07-02,Organic,0.0
2025-07-02,Email,0.44
2025-07-02,Social,7.13
2025-07-02,Affiliate,3.16
2025-07-02,Direct,0.0
2025-07-03,Paid Search,12.05
2025-07-03,Organic,0.0
2025-07-03,Email,0.38
2025-07-03,Social,5.84
2025-07-03,Affiliate,1.59
2025-07-03,Direct,0.0
2025-07-04,Paid Search,10.13
2025-07-04,Organic,0.0
2025-07-04,Email,0.63
2025-07-04,Social,7.25
2025-07-04,Affiliate,1.85
2025-07-04,Direct,0.0
2025-07-05,Paid Search,9.33
2025-07-05,Organic,0.0
2025-07-05,Email,0.81
2025-07-05,Social,7.27
2025-07-05,Affiliate,1.58
2025-07-05,Direct,0.0
2025-07-06,Paid Search,13.83
2025-07-06,Organic,0.0
2025-07-06,Email,0.49
2025-07-06,Social,9.78
2025-07-06,Affiliate,2.54
2025-07-06,Direct,0.0
2025-07-07,Paid Search,10.56
2025-07-07,Organic,0.0
2025-07-07,Email,0.85
2025-07-07,Social,5.5
2025-07-07,Affiliate,1.85
2025-07-07,Direct,0.0
2025-07-08,Paid Search,12.4
2025-07-08,Organic,0.0
2025-07-08,Email,0.85
2025-07-08,Social,6.7
2025-07-08,Affiliate,1.02
2025-07-08,Direct,0.0
2025-07-09,Paid Search,12.32
2025-07-09,Organic,0.0
2025-07-09,Email,0.58
2025-07-09,Social,4.86
2025-07-09,Affiliate,2.79
2025-07-09,Direct,0.0
2025-07-10,Paid Search,10.83
2025-07-10,Organic,0.0
2025-07-10,Email,0.5
2025-07-10,Social,7.22
2025-07-10,Affiliate,2.64
2025-07-10,Direct,0.0
2025-07-11,Paid Search,10.05
2025-07-11,Organic,0.0
2025-07-11,Email,0.83
2025-07-11,Social,6.45
2025-07-11,Affiliate,1.33
2025-07-11,Direct,0.0
2025-07-12,Paid Search,11.87
2025-07-12,Organic,0.0
2025-07-12,Email,0.62
2025-07-12,Social,7.22
2025-07-12,Affiliate,1.45
2025-07-12,Direct,0.0
2025-07-13,Paid Search,15.04
2025-07-13,Organic,0.0
2025-07-13,Email,0.63
2025-07-13,Social,7.24
2025-07-13,Affiliate,2.44
2025-07-13,Direct,0.0
2025-07-14,Paid Search,13.56
2025-07-14,Organic,0.0
2025-07-14,Email,0.56
2025-07-14,Social,6.03
2025-07-14,Affiliate,0.94
2025-07-14,Direct,0.0
2025-07-15,Paid Search,11.01
2025-07-15,Organic,0.0
2025-07-15,Email,0.7
2025-07-15,Social,6.25
2025-07-15,Affiliate,1.66
2025-07-15,Direct,0.0
2025-07-16,Paid Search,9.75
2025-07-16,Organic,0.0
2025-07-16,Email,0.39
2025-07-16,Social,5.54
2025-07-16,Affiliate,1.14
2025-07-16,Direct,0.0
2025-07-17,Paid Search,12.43
2025-07-17,Organic,0.0
2025-07-17,Email,0.49
2025-07-17,Social,5.4
2025-07-17,Affiliate,1.94
2025-07-17,Direct,0.0
2025-07-18,Paid Search,10.51
2025-07-18,Organic,0.0
2025-07-18,Email,0.85
2025-07-18,Social,5.73
2025-07-18,Affiliate,2.35
2025-07-18,Direct,0.0
2025-07-19,Paid Search,15.09
2025-07-19,Organic,0.0
2025-07-19,Email,0.7
2025-07-19,Social,10.34
2025-07-19,Affiliate,2.54
2025-07-19,Direct,0.0
2025-07-20,Paid Search,10.11
2025-07-20,Organic,0.0
2025-07-20,Email,0.85
2025-07-20,Social,7.86
2025-07-20,Affiliate,1.89
2025-07-20,Direct,0.0
2025-07-21,Paid Search,9.25
2025-07-21,Organic,0.0
2025-07-21,Email,0.52
2025-07-21,Social,4.45
2025-07-21,Affiliate,0.93
2025-07-21,Direct,0.0
2025-07-22,Paid Search,14.31
2025-07-22,Organic,0.0
2025-07-22,Email,0.93
2025-07-22,Social,6.72
2025-07-22,Affiliate,1.48
2025-07-22,Direct,0.0
2025-07-23,Paid Search,11.76
2025-07-23,Organic,0.0
2025-07-23,Email,0.8
2025-07-23,Social,5.01
2025-07-23,Affiliate,1.58
2025-07-23,Direct,0.0
2025-07-24,Paid Search,14.23
2025-07-24,Organic,0.0
2025-07-24,Email,0.43
2025-07-24,Social,7.93
2025-07-24,Affiliate,2.53
2025-07-24,Direct,0.0
2025-07-25,Paid Search,14.33
2025-07-25,Organic,0.0
2025-07-25,Email,0.45
2025-07-25,Social,5.5
2025-07-25,Affiliate,1.92
2025-07-25,Direct,0.0
2025-07-26,Paid Search,11.37
2025-07-26,Organic,0.0
2025-07-26,Email,0.52
2025-07-26,Social,9.14
2025-07-26,Affiliate,1.5
2025-07-26,Direct,0.0
2025-07-27,Paid Search,12.83
2025-07-27,Organic,0.0
2025-07-27,Email,0.99
2025-07-27,Social,8.83
2025-07-27,Affiliate,2.54
2025-07-27,Direct,0.0
2025-07-28,Paid Search,10.05
2025-07-28,Organic,0.0
2025-07-28,Email,0.45
2025-07-28,Social,6.84
2025-07-28,Affiliate,1.21
2025-07-28,Direct,0.0
2025-07-29,Paid Search,9.26
2025-07-29,Organic,0.0
2025-07-29,Email,0.72
2025-07-29,Social,5.37
2025-07-29,Affiliate,0.65
2025-07-29,Direct,0.0
2025-07-30,Paid Search,10.34
2025-07-30,Organic,0.0
2025-07-30,Email,0.74
2025-07-30,Social,5.58
2025-07-30,Affiliate,1.21
2025-07-30,Direct,0.0
2025-07-31,Paid Search,12.1
2025-07-31,Organic,0.0
2025-07-31,Email,0.6
2025-07-31,Social,5.13
2025-07-31,Affiliate,2.26
2025-07-31,Direct,0.0
2025-08-01,Paid Search,10.57
2025-08-01,Organic,0.0
2025-08-01,Email,0.52
2025-08-01,Social,6.79
2025-08-01,Affiliate,1.47
2025-08-01,Direct,0.0
